inv_pk,inv_type,inv_scancode,inv_name,inv_size,inv_receiptalias,inv_discontinued,pi1_description,pi2_description,brd_name,dpt_name,sib_baseprice,inv_lastreceived,inv_lastsold,del_ingredientList,Ingredient_1,Ingredient_2,Ingredient_3,Ingredient_4,Ingredient_5,Ingredient_6,Ingredient_7,Ingredient_8,Ingredient_9,Ingredient_10,Ingredient_11,Ingredient_12,Ingredient_13,Ingredient_14,Ingredient_15,Ingredient_16,Ingredient_17,Ingredient_18,Ingredient_19,Ingredient_20,Ingredient_21,Ingredient_22,Ingredient_23,Ingredient_24,Ingredient_25,Ingredient_26,Ingredient_27,Ingredient_28,Ingredient_29,Ingredient_30,Ingredient_31,Ingredient_32,Ingredient_33,Ingredient_34,Ingredient_35,Ingredient_36,Ingredient_37,Ingredient_38,Ingredient_39,Ingredient_40,Ingredient_41,Ingredient_42,Ingredient_43,Ingredient_44,Ingredient_45,Ingredient_46,Ingredient_47,Ingredient_48,Ingredient_49,Ingredient_50,Ingredient_51,Ingredient_52,Ingredient_53,Ingredient_54,Ingredient_55,Ingredient_56,Ingredient_57,Ingredient_58,Ingredient_59,Ingredient_60,Ingredient_61,Ingredient_62,Ingredient_63,Ingredient_64,Ingredient_65,Ingredient_66,Ingredient_67,Ingredient_68,Ingredient_69,Ingredient_70,Ingredient_71,Ingredient_72,Ingredient_73,Ingredient_74,Ingredient_75,Ingredient_76,Ingredient_77,Ingredient_78,Ingredient_79,Ingredient_80,Ingredient_81,Ingredient_82,Ingredient_83,Ingredient_84,Ingredient_85,Ingredient_86,Ingredient_87,Ingredient_88,Ingredient_89,Ingredient_90,Ingredient_91,Ingredient_92,Ingredient_93,Ingredient_94,Ingredient_95,Ingredient_96,Ingredient_97,Ingredient_98,Ingredient_99,Ingredient_100,Ingredient_101,Ingredient_102,Ingredient_103,Ingredient_104,Ingredient_105,Ingredient_106,Ingredient_107,Ingredient_108,Ingredient_109,Ingredient_110,Ingredient_111,Ingredient_112,Ingredient_113,Ingredient_114,Ingredient_115
37312,Stock Inventory     ,11172,Cook Eat Feel Healthy America ,1 ct ,Cook Eat Feel Healthy America   ,1,OTHER (MISCELLANEOUS BASE-CODE,Books                         ,Cooking with Phil             ,Mercantile                    ,19 99,2/5/15 0:00,2/8/17 15:59,,,,,,,,,,,,,,,,,,,,,,,,,,,,,,,,,,,,,,,,,,,,,,,,,,,,,,,,,,,,,,,,,,,,,,,,,,,,,,,,,,,,,,,,,,,,,,,,,,,,,,,,,,,,,,,,,,,,
43576,Stock Inventory,12511530129,Candy Delish Fish OG,2 oz ,WS Candy Delish Fish OG 2OZ,1,SHELF STABLE CANDY            ,SS CANDY NON CHOCOLATE        ,Wholesome Sweeteners          ,Packaged Grocery              ,1 99,6/14/21 15:56,7/27/21 11:20,"ORGANIC CANE SUGAR*, ORGANIC TAPIOCA SYRUP, ORGANIC APPLE JUICE (WATER, ORGANIC APPLE JUICE CONCENTRATE), ORGANIC AGAVE POWDER (ORGANIC AGAVE, ORGANIC CORN MALTODEXTRIN), NATIVE STARCH BLEND (ORGANIC TAPIOCA STARCH, CORN STARCH), ORGANIC TAPIOCA DEXTROSE, NATURAL RASPBERRY FLAVOR, CITRIC ACID, COLORED WITH VEGETABLE EXTRACT (ORGANIC BLACK CARROT), SODIUM CITRATE, ORGANIC SUNFLOWER OIL, ORGANIC CARNAUBA WAX ",ORGANIC CANE SUGAR*, ORGANIC TAPIOCA SYRUP, ORGANIC APPLE JUICE (WATER, ORGANIC APPLE JUICE CONCENTRATE), ORGANIC AGAVE POWDER (ORGANIC AGAVE, ORGANIC CORN MALTODEXTRIN), NATIVE STARCH BLEND (ORGANIC TAPIOCA STARCH, CORN STARCH), ORGANIC TAPIOCA DEXTROSE, NATURAL RASPBERRY FLAVOR, CITRIC ACID, COLORED WITH VEGETABLE EXTRACT (ORGANIC BLACK CARROT), SODIUM CITRATE, ORGANIC SUNFLOWER OIL, ORGANIC CARNAUBA WAX ,,,,,,,,,,,,,,,,,,,,,,,,,,,,,,,,,,,,,,,,,,,,,,,,,,,,,,,,,,,,,,,,,,,,,,,,,,,,,,,,,,,,,,,,,,,,,,,,,,,,
43746,Stock Inventory,23923300347,Winter Squash OG              ,4 oz ,EB Winter Squash OG 4OZ,0,SHELF STABLE BABY FOOD        ,SS BABY FOOD                  ,Earth's Best                  ,Packaged Grocery              ,1 5,5/22/24 0:00,8/6/24 15:25,ORGANIC WINTER SQUASH ,ORGANIC WINTER SQUASH ,,,,,,,,,,,,,,,,,,,,,,,,,,,,,,,,,,,,,,,,,,,,,,,,,,,,,,,,,,,,,,,,,,,,,,,,,,,,,,,,,,,,,,,,,,,,,,,,,,,,,,,,,,,,,,,,,,
43747,Stock Inventory,23923300316,Sweet Potatoes OG             ,4 oz                ,"BABY FD,OG2,SWT POT,ST 1",1,SHELF STABLE BABY FOOD        ,SS BABY FOOD                  ,Earth's Best                  ,Packaged Grocery              ,1 5,8/24/20 16:47,2/22/21 17:11,"ORGANIC SWEET POTATOES, WATER ",ORGANIC SWEET POTATOES, WATER ,,,,,,,,,,,,,,,,,,,,,,,,,,,,,,,,,,,,,,,,,,,,,,,,,,,,,,,,,,,,,,,,,,,,,,,,,,,,,,,,,,,,,,,,,,,,,,,,,,,,,,,,,,,,,,,,,
43748,Stock Inventory,23923300378,Spinach & Potatoes OG         ,4 oz                ,Spinach & Potatoes OG,1,SHELF STABLE BABY FOOD        ,SS BABY FOOD                  ,Earth's Best                  ,Packaged Grocery              ,1 29,6/4/18 0:00,1/11/20 12:54,"WATER, ORGANIC SPINACH, ORGANIC POTATOES, ORGANIC CARROTS, ORGANIC BARLEY FLOUR, ORGANIC BROWN RICE ",WATER, ORGANIC SPINACH, ORGANIC POTATOES, ORGANIC CARROTS, ORGANIC BARLEY FLOUR, ORGANIC BROWN RICE ,,,,,,,,,,,,,,,,,,,,,,,,,,,,,,,,,,,,,,,,,,,,,,,,,,,,,,,,,,,,,,,,,,,,,,,,,,,,,,,,,,,,,,,,,,,,,,,,,,,,,,,,,,,,,
43749,Stock Inventory,23923330351,Pouch Swt Potato & Beet       ,3 5 oz              ,"POUCH,OG2,SWT POT,BEET",1,SHELF STABLE BABY FOOD        ,SS BABY FOOD                  ,Earth's Best                  ,Packaged Grocery              ,1 66,5/3/18 0:00,12/29/18 12:39,ORGANIC SWEET POTATO,ORGANIC SWEET POTATO,,,,,,,,,,,,,,,,,,,,,,,,,,,,,,,,,,,,,,,,,,,,,,,,,,,,,,,,,,,,,,,,,,,,,,,,,,,,,,,,,,,,,,,,,,,,,,,,,,,,,,,,,,,,,,,,,,
43750,Stock Inventory,23923330344,Pouch Squash & Sweet Pea,3 5 oz ,EB Pouch Squash & Swt Pea 3 5OZ,0,SHELF STABLE BABY FOOD        ,SS BABY FOOD                  ,Earth's Best                  ,Packaged Grocery              ,2 59,5/30/24 0:00,10/6/24 10:19,ORGANIC BUTTERNUT SQUASH PUREE,ORGANIC BUTTERNUT SQUASH PUREE,,,,,,,,,,,,,,,,,,,,,,,,,,,,,,,,,,,,,,,,,,,,,,,,,,,,,,,,,,,,,,,,,,,,,,,,,,,,,,,,,,,,,,,,,,,,,,,,,,,,,,,,,,,,,,,,,,
43751,Stock Inventory,23923330337,Pouch Pumpkin & Spin          ,3 5 oz              ,Pouch Pumpkin & Spin,1,SHELF STABLE BABY FOOD        ,SS BABY FOOD                  ,Earth's Best                  ,Packaged Grocery              ,1 66,7/26/18 0:00,12/29/18 12:39,ORGANIC PUMPKIN PUREE,ORGANIC PUMPKIN PUREE,,,,,,,,,,,,,,,,,,,,,,,,,,,,,,,,,,,,,,,,,,,,,,,,,,,,,,,,,,,,,,,,,,,,,,,,,,,,,,,,,,,,,,,,,,,,,,,,,,,,,,,,,,,,,,,,,,
43752,Stock Inventory,23923300323,Peas & Brown Rice OG          ,4 oz                ,Peas & Brown Rice OG,1,SHELF STABLE BABY FOOD        ,SS BABY FOOD                  ,Earth's Best                  ,Packaged Grocery              ,1 29,6/20/18 0:00,1/27/19 16:58,"ORGANIC PEAS, WATER, ORGANIC BROWN RICE ",ORGANIC PEAS, WATER, ORGANIC BROWN RICE ,,,,,,,,,,,,,,,,,,,,,,,,,,,,,,,,,,,,,,,,,,,,,,,,,,,,,,,,,,,,,,,,,,,,,,,,,,,,,,,,,,,,,,,,,,,,,,,,,,,,,,,,,,,,,,,,
43753,Stock Inventory,23923300354,Corn & Butternut Squash OG,4 oz ,EB Corn & Buttrnt Squash OG 4OZ,1,SHELF STABLE BABY FOOD        ,SS BABY FOOD                  ,Earth's Best                  ,Packaged Grocery              ,1 5,8/9/21 0:00,11/23/21 13:40,ORGANIC CORN,ORGANIC CORN,,,,,,,,,,,,,,,,,,,,,,,,,,,,,,,,,,,,,,,,,,,,,,,,,,,,,,,,,,,,,,,,,,,,,,,,,,,,,,,,,,,,,,,,,,,,,,,,,,,,,,,,,,,,,,,,,,
43755,Stock Inventory,23923200210,Stage 2 Pears & Mangos        ,4 oz ,EB Stage 2 Pears & Mangos 4OZ,1,SHELF STABLE BABY FOOD        ,SS BABY FOOD                  ,Earth's Best                  ,Packaged Grocery              ,1 5,8/9/21 0:00,1/16/22 15:47,ORGANIC PEAR PUREE,ORGANIC PEAR PUREE,,,,,,,,,,,,,,,,,,,,,,,,,,,,,,,,,,,,,,,,,,,,,,,,,,,,,,,,,,,,,,,,,,,,,,,,,,,,,,,,,,,,,,,,,,,,,,,,,,,,,,,,,,,,,,,,,,
43756,Stock Inventory,23923200227,Stage 2 Banana Peach Raspberry,4 oz                ,Stage 2 Banana Peach Rspbry     ,1,SHELF STABLE BABY FOOD        ,SS BABY FOOD                  ,Earth's Best                  ,Packaged Grocery              ,1 29,9/10/20 0:00,4/3/21 10:37,"Organic Bananas, Organic Peaches, Organic Raspberries, Ascorbic Acid (Vitamin C), Citric Acid ",Organic Bananas, Organic Peaches, Organic Raspberries, Ascorbic Acid (Vitamin C), Citric Acid ,,,,,,,,,,,,,,,,,,,,,,,,,,,,,,,,,,,,,,,,,,,,,,,,,,,,,,,,,,,,,,,,,,,,,,,,,,,,,,,,,,,,,,,,,,,,,,,,,,,,,,,,,,,,,,
43757,Stock Inventory,23923330054,Puree Peach Ornge Ban         ,4 oz                ,"PUREE PCH,OG2,ORNG BANAN",1,SHELF STABLE BABY FOOD        ,SS BABY FOOD                  ,Earth's Best                  ,Packaged Grocery              ,1 66,7/5/18 17:39,1/6/19 13:48,ORGANIC BANANA PUREE,ORGANIC BANANA PUREE,,,,,,,,,,,,,,,,,,,,,,,,,,,,,,,,,,,,,,,,,,,,,,,,,,,,,,,,,,,,,,,,,,,,,,,,,,,,,,,,,,,,,,,,,,,,,,,,,,,,,,,,,,,,,,,,,,
43758,Stock Inventory,23923200197,Pears & Raspberries OG        ,4 oz                ,"STG 2,OG2,PEARS & RASPBR",1,SHELF STABLE BABY FOOD        ,SS BABY FOOD                  ,Earth's Best                  ,Packaged Grocery              ,1 5,4/25/17 21:38,10/10/18 13:38,"ORGANIC PEAR PUREE, WATER, ORGANIC PEAR PUREE CONCENTRATE, ORGANIC RASPBERRY PUREE, ASCORBIC ACID, CITRIC ACID ",ORGANIC PEAR PUREE, WATER, ORGANIC PEAR PUREE CONCENTRATE, ORGANIC RASPBERRY PUREE, ASCORBIC ACID, CITRIC ACID ,,,,,,,,,,,,,,,,,,,,,,,,,,,,,,,,,,,,,,,,,,,,,,,,,,,,,,,,,,,,,,,,,,,,,,,,,,,,,,,,,,,,,,,,,,,,,,,,,,,,,,,,,,,,,
43759,Stock Inventory,23923400542,Oatmeal Peach Banana          ,4 oz                ,Oatmeal Peach Banana            ,1,SHELF STABLE BABY FOOD        ,SS BABY FOOD                  ,Earth's Best                  ,Packaged Grocery              ,1 5,8/8/18 0:00,1/23/19 20:33,WATER,WATER,,,,,,,,,,,,,,,,,,,,,,,,,,,,,,,,,,,,,,,,,,,,,,,,,,,,,,,,,,,,,,,,,,,,,,,,,,,,,,,,,,,,,,,,,,,,,,,,,,,,,,,,,,,,,,,,,,
43762,Stock Inventory,23923100602,Infant Formula Sens Iron OG   ,21 oz ,EB Infant Form Sens Iron OG 21OZ,0,SHELF STABLE BABY FOOD        ,SS BABY FORMULA               ,Earth's Best                  ,Packaged Grocery              ,35 99,5/5/24 0:00,12/30/24 13:49,"ORGANIC GLUCOSE SYRUP SOLIDS, ORGANIC PALM OIL OR PALM OLEIN, ORGANIC WHEY PROTEIN CONCENTRATE, ORGANIC MILK PROTEIN CONCENTRATE, ORGANIC SOY OIL, ORGANIC COCONUT OIL, ORGANIC HIGH OLEIC (SAFFLOWER OR SUNFLOWER) OIL, LESS THAN 1%: MORTIERELLA ALPINA OIL*, SCHIZOCHYTRIUM SUPPLEMENT FACTS  OIL**, FRUCTOOLIGOSACCHARIDES (FOS), LUTEIN, L-CARNITINE, VITAMIN A PALMITATE, BETA-CAROTENE, VITAMIN D (CHOLECALCIFEROL), VITAMIN K (PHYTONADIONE), MIXED TOCOPHEROL CONCENTRATE, VITAMIN E (DL-ALPHA TOCOPHERYL ACETATE), ASCORBYL PALMITATE, THIAMINE HYDROCHLORIDE, RIBOFLAVIN, PYRIDOXINE HYDROCHLORIDE, CYANOCOBALAMIN, NIACINAMIDE, FOLIC ACID, CALCIUM PANTOTHENATE, BIOTIN, ASCORBIC ACID, CHOLINE CHLORIDE, INOSITOL, CALCIUM CHLORIDE, CALCIUM HYDROXIDE, CALCIUM PHOSPHATE, FERROUS SULFATE, ZINC SULFATE, MANGANESE SULFATE, CUPRIC SULFATE, MAGNESIUM PHOSPHATE, POTASSIUM BICARBONATE, POTASSIUM CHLORIDE, POTASSIUM IODIDE, POTASSIUM HYDROXIDE, SODIUM SELENITE, SODIUM CITRATE, TAURINE, ORGANIC SOY LECITHIN, NUCLEOTIDES (ADENOSINE-5'-MONOPHOSPHATE, CYTIDINE-5'-MONOPHOSPHATE, DISODIUM GUANOSINE-5'-MONOPHOSPHATE, DISODIUM INOSINE-5'-MONOPHOSPHATE, DISODIUM URIDINE-5'-MONOPHOSPHATE) ",ORGANIC GLUCOSE SYRUP SOLIDS, ORGANIC PALM OIL OR PALM OLEIN, ORGANIC WHEY PROTEIN CONCENTRATE, ORGANIC MILK PROTEIN CONCENTRATE, ORGANIC SOY OIL, ORGANIC COCONUT OIL, ORGANIC HIGH OLEIC (SAFFLOWER OR SUNFLOWER) OIL, LESS THAN 1%: MORTIERELLA ALPINA OIL*, SCHIZOCHYTRIUM SUPPLEMENT FACTS  OIL**, FRUCTOOLIGOSACCHARIDES (FOS), LUTEIN, L-CARNITINE, VITAMIN A PALMITATE, BETA-CAROTENE, VITAMIN D (CHOLECALCIFEROL), VITAMIN K (PHYTONADIONE), MIXED TOCOPHEROL CONCENTRATE, VITAMIN E (DL-ALPHA TOCOPHERYL ACETATE), ASCORBYL PALMITATE, THIAMINE HYDROCHLORIDE, RIBOFLAVIN, PYRIDOXINE HYDROCHLORIDE, CYANOCOBALAMIN, NIACINAMIDE, FOLIC ACID, CALCIUM PANTOTHENATE, BIOTIN, ASCORBIC ACID, CHOLINE CHLORIDE, INOSITOL, CALCIUM CHLORIDE, CALCIUM HYDROXIDE, CALCIUM PHOSPHATE, FERROUS SULFATE, ZINC SULFATE, MANGANESE SULFATE, CUPRIC SULFATE, MAGNESIUM PHOSPHATE, POTASSIUM BICARBONATE, POTASSIUM CHLORIDE, POTASSIUM IODIDE, POTASSIUM HYDROXIDE, SODIUM SELENITE, SODIUM CITRATE, TAURINE, ORGANIC SOY LECITHIN, NUCLEOTIDES (ADENOSINE-5'-MONOPHOSPHATE, CYTIDINE-5'-MONOPHOSPHATE, DISODIUM GUANOSINE-5'-MONOPHOSPHATE, DISODIUM INOSINE-5'-MONOPHOSPHATE, DISODIUM URIDINE-5'-MONOPHOSPHATE) ,,,,,,,,,,,,,,,,,,,,,,,,,,,,,,,,,,,,,,,,,,,,,,,,,,,,,,,,,,,,,,,,
43763,Stock Inventory,23923100442,Infant Formula DHA & ARA OG   ,21 oz ,EB Infant Form DHA & ARA 21OZ,0,SHELF STABLE BABY FOOD        ,SS BABY FORMULA               ,Earth's Best                  ,Packaged Grocery              ,35 99,6/9/24 0:00,2/5/25 17:08,"ORGANIC LACTOSE, ORGANIC NONFAT MILK, ORGANIC OILS (ORGANIC PALM OR PALM OLEIN, ORGANIC SOY, ORGANIC COCONUT, ORGANIC HIGH OLEIC SAFFLOWER OR SUNFLOWER OIL), ORGANIC WHEY PROTEIN CONCENTRATE, LESS THAN 1%: MORTIERELLA ALPINA OIL*, SCHIZOCHYTRIUM SP  OIL**, FRUCTOOLIGOSACCHARIDE, LUTEIN, L-CARNITINE, VITAMIN A PALMITATE, BETA-CAROTENE, VITAMIN D (CHOLECALCIFEROL), VITAMIN E (DL-ALPHA TOCOPHERYL ACETATE), MIXED TOCOPHEROL CONCENTRATE, VITAMIN K (PHYTONADIONE), ASCORBYL PALMITATE, THIAMINE HYDROCHLORIDE, RIBOFLAVIN, PYRIDOXINE HYDROCHLORIDE, CYANOCOBALAMIN, NIACINAMIDE, FOLIC ACID, CALCIUM PANTOTHENATE, BIOTIN, ASCORBIC ACID, CHOLINE BITARTRATE, INOSITOL, CALCIUM CARBONATE, CALCIUM CHLORIDE, CALCIUM HYDROXIDE, FERROUS SULFATE, ZINC SULFATE, MANGANESE SULFATE, CUPRIC SULFATE, MAGNESIUM PHOSPHATE, POTASSIUM BICARBONATE, POTASSIUM CHLORIDE, POTASSIUM IODIDE, POTASSIUM HYDROXIDE, POTASSIUM PHOSPHATE, SODIUM SELENITE, SODIUM CITRATE, TAURINE, ORGANIC SOY LECITHIN, NUCLEOTIDES (CYTIDINE-5'-MONOPHOSPHATE, ADENOSINE-5'-MONOPHOSPHATE, DISODIUM URIDINE-5'-MONOPHOSPHATE, DISODIUM GUANOSINE-5'-MONOPHOSPHATE, DISODIUM INOSINE-5'-MONOPHOSPHATE) ",ORGANIC LACTOSE, ORGANIC NONFAT MILK, ORGANIC OILS (ORGANIC PALM OR PALM OLEIN, ORGANIC SOY, ORGANIC COCONUT, ORGANIC HIGH OLEIC SAFFLOWER OR SUNFLOWER OIL), ORGANIC WHEY PROTEIN CONCENTRATE, LESS THAN 1%: MORTIERELLA ALPINA OIL*, SCHIZOCHYTRIUM SP  OIL**, FRUCTOOLIGOSACCHARIDE, LUTEIN, L-CARNITINE, VITAMIN A PALMITATE, BETA-CAROTENE, VITAMIN D (CHOLECALCIFEROL), VITAMIN E (DL-ALPHA TOCOPHERYL ACETATE), MIXED TOCOPHEROL CONCENTRATE, VITAMIN K (PHYTONADIONE), ASCORBYL PALMITATE, THIAMINE HYDROCHLORIDE, RIBOFLAVIN, PYRIDOXINE HYDROCHLORIDE, CYANOCOBALAMIN, NIACINAMIDE, FOLIC ACID, CALCIUM PANTOTHENATE, BIOTIN, ASCORBIC ACID, CHOLINE BITARTRATE, INOSITOL, CALCIUM CARBONATE, CALCIUM CHLORIDE, CALCIUM HYDROXIDE, FERROUS SULFATE, ZINC SULFATE, MANGANESE SULFATE, CUPRIC SULFATE, MAGNESIUM PHOSPHATE, POTASSIUM BICARBONATE, POTASSIUM CHLORIDE, POTASSIUM IODIDE, POTASSIUM HYDROXIDE, POTASSIUM PHOSPHATE, SODIUM SELENITE, SODIUM CITRATE, TAURINE, ORGANIC SOY LECITHIN, NUCLEOTIDES (CYTIDINE-5'-MONOPHOSPHATE, ADENOSINE-5'-MONOPHOSPHATE, DISODIUM URIDINE-5'-MONOPHOSPHATE, DISODIUM GUANOSINE-5'-MONOPHOSPHATE, DISODIUM INOSINE-5'-MONOPHOSPHATE) ,,,,,,,,,,,,,,,,,,,,,,,,,,,,,,,,,,,,,,,,,,,,,,,,,,,,,,,,,,,,,,,
43764,Stock Inventory,23923100749,Formula Soy DHA & ARA         ,23 2 oz             ,Formula Soy DHA & ARA,1,SHELF STABLE BABY FOOD        ,SS BABY FORMULA               ,Earth's Best                  ,Packaged Grocery              ,31 99,4/25/17 21:38,4/6/19 14:43,"Organic Glucose Syrup Solids, Organic Soy Protein, Organic Palm Olein Or Palm Oil, Organic Coconut Oil, Organic High Oleic (Safflower or Sunflower) Oil, Organic Soy Oil, and less than 1%: Mortierella Alpina Oil*, Crypthecodinium Cohnii Oil**, Ascorbyl Palmitate, L-Carnitine, L-Methionine, Mixed Tocopherol Concentrate, Soy Lecithin, Taurine, Calcium Chloride, Calcium Phosphate, Cupric Sulfate, Ferrous Sulfate, Magnesium Chloride, Manganese Sulfate, Potassium Bicarbonate, Potassium Chloride, Potassium Citrate, Potassium Hydroxide, Potassium Iodide, Sodium Citrate, Sodium Selenite, Zinc Sulfate, Ascorbic Acid, Beta-Carotene, Biotin, Calcium Pantothenate, Choline Bitartrate, Cyanocobalamin, Folic Acid, Inositol, Niacinamide, Pyridoxine Hydrochloride, Riboflavin, Thiamine, Hydrochloride, Vitamin A Palmitate, Vitamin D (Cholecalciferol), Vitamin E (Dl-Alpha Tocopheryl Acetate), Vitamin K (Phytonadione) ",Organic Glucose Syrup Solids, Organic Soy Protein, Organic Palm Olein Or Palm Oil, Organic Coconut Oil, Organic High Oleic (Safflower or Sunflower) Oil, Organic Soy Oil, and less than 1%: Mortierella Alpina Oil*, Crypthecodinium Cohnii Oil**, Ascorbyl Palmitate, L-Carnitine, L-Methionine, Mixed Tocopherol Concentrate, Soy Lecithin, Taurine, Calcium Chloride, Calcium Phosphate, Cupric Sulfate, Ferrous Sulfate, Magnesium Chloride, Manganese Sulfate, Potassium Bicarbonate, Potassium Chloride, Potassium Citrate, Potassium Hydroxide, Potassium Iodide, Sodium Citrate, Sodium Selenite, Zinc Sulfate, Ascorbic Acid, Beta-Carotene, Biotin, Calcium Pantothenate, Choline Bitartrate, Cyanocobalamin, Folic Acid, Inositol, Niacinamide, Pyridoxine Hydrochloride, Riboflavin, Thiamine, Hydrochloride, Vitamin A Palmitate, Vitamin D (Cholecalciferol), Vitamin E (Dl-Alpha Tocopheryl Acetate), Vitamin K (Phytonadione) ,,,,,,,,,,,,,,,,,,,,,,,,,,,,,,,,,,,,,,,,,,,,,,,,,,,,,,,,,,,,,,,,,,,,,,
43771,Stock Inventory,6.06E+11,Meat Stick Original,3 oz                ,"BEEF & PORK STICK,GO PAC",1,SHELF STABLE JERKY & MEAT SNAC,SS MEAT SNACKS OTHER          ,Vermont Smoke & Cure          ,Packaged Grocery              ,5 99,4/19/18 0:00,2/25/19 16:06,"BEEF, PORK, SEA SALT, LESS THAN 2% OF: SPICES, SUGAR, CHERRY POWDER, CELERY POWDER, LACTIC ACID STARTER CULTURE (NOT FROM MILK), GARLIC POWDER  ENCASED IN COLORED (BETA-CAROTENE, CARAMEL) BEEF COLLAGEN CASING ",BEEF, PORK, SEA SALT, LESS THAN 2% OF: SPICES, SUGAR, CHERRY POWDER, CELERY POWDER, LACTIC ACID STARTER CULTURE (NOT FROM MILK), GARLIC POWDER  ENCASED IN COLORED (BETA-CAROTENE, CARAMEL) BEEF COLLAGEN CASING ,,,,,,,,,,,,,,,,,,,,,,,,,,,,,,,,,,,,,,,,,,,,,,,,,,,,,,,,,,,,,,,,,,,,,,,,,,,,,,,,,,,,,,,,,,,,,,,,,,,,,,,,,
43772,Stock Inventory,6.06E+11,Beef Sticks Seasoned BBQ      ,3 oz                ,"BEEF STICK,BBQ",1,SHELF STABLE JERKY & MEAT SNAC,SS MEAT SNACKS OTHER          ,Vermont Smoke & Cure          ,Packaged Grocery              ,5 99,4/19/18 0:00,4/20/19 10:53,"BEEF, MOLASSES POWDER, SEA SALT, LESS THAN 2% OF: SUGAR PAPRIKA, SPICES, TAMARIND, CHERRY POWDER, CELERY POWDER, ONION POWDER, GARLIC POWDER, LACTIC ACID STARTER CULTURE (NOT FROM MILK), ENCASED IN COLORED (BETA-CAROTENE, CARAMEL) BEEF COLLAGEN CASING ",BEEF, MOLASSES POWDER, SEA SALT, LESS THAN 2% OF: SUGAR PAPRIKA, SPICES, TAMARIND, CHERRY POWDER, CELERY POWDER, ONION POWDER, GARLIC POWDER, LACTIC ACID STARTER CULTURE (NOT FROM MILK), ENCASED IN COLORED (BETA-CAROTENE, CARAMEL) BEEF COLLAGEN CASING ,,,,,,,,,,,,,,,,,,,,,,,,,,,,,,,,,,,,,,,,,,,,,,,,,,,,,,,,,,,,,,,,,,,,,,,,,,,,,,,,,,,,,,,,,,,,,,,,,,,,,,
43773,Stock Inventory,6.06E+11,Turkey Sticks Pepp Uncrd      ,3 oz                ,"MINI STICK,UNCURED PEPP",1,SHELF STABLE JERKY & MEAT SNAC,SS MEAT SNACKS OTHER          ,Vermont Smoke & Cure          ,Packaged Grocery              ,5 99,8/20/18 0:00,1/29/19 15:53,"TURKEY, SEA SALT, LESS THAN 2% OF: SPICES, SUGAR, PAPRIKA, CELERY POWDER, CHERRY POWDER SPICE EXTRACTIVES, GARLIC POWDER, LACTIC ACID STARTER CULTURE (NOT FROM MILK)  ENCASED IN COLORED (BETA-CAROTENE, CARAMEL) BEEF COLLAGEN CASING ",TURKEY, SEA SALT, LESS THAN 2% OF: SPICES, SUGAR, PAPRIKA, CELE+U45RY POWDER, CHERRY POWDER SPICE EXTRACTIVES, GARLIC POWDER, LACTIC ACID STARTER CULTURE (NOT FROM MILK)  ENCASED IN COLORED (BETA-CAROTENE, CARAMEL) BEEF COLLAGEN CASING ,,,,,,,,,,,,,,,,,,,,,,,,,,,,,,,,,,,,,,,,,,,,,,,,,,,,,,,,,,,,,,,,,,,,,,,,,,,,,,,,,,,,,,,,,,,,,,,,,,,,,,,,,
43803,Stock Inventory,89991516615,Black Forest Uncured Ham,7 oz ,PLA Black Forest Uncured Ham 7OZ,0,FROZEN & REFRIGERATED MEAT POU,FZ & RF DELI MEAT             ,Plainville                    ,Meat                          ,6 49,2/5/25 0:00,2/9/25 15:25,"FRESH HAM, WATER, EVAPORATED CANE SYRUP, CONTAINS 2% OR LESS SEA SALT, CELERY POWDER, NATURAL SMOKE, LACTIC ACID STARTER CULTURE",FRESH HAM, WATER, EVAPORATED CANE SYRUP, CONTAINS 2% OR LESS SEA SALT, CELERY POWDER, NATURAL SMOKE, LACTIC ACID STARTER CULTURE,,,,,,,,,,,,,,,,,,,,,,,,,,,,,,,,,,,,,,,,,,,,,,,,,,,,,,,,,,,,,,,,,,,,,,,,,,,,,,,,,,,,,,,,,,,,,,,,,,,,,,,,,,,,
43819,Stock Inventory,33844002572,Oregano OG                    , 75 oz              ,"SPICE,OG2,OREGANO",1,SHELF STABLE SEASONINGS       ,SS SPICES & SEASONINGS        ,Badia                         ,Packaged Grocery              ,2 89,1/31/18 0:00,6/26/18 20:59,,,,,,,,,,,,,,,,,,,,,,,,,,,,,,,,,,,,,,,,,,,,,,,,,,,,,,,,,,,,,,,,,,,,,,,,,,,,,,,,,,,,,,,,,,,,,,,,,,,,,,,,,,,,,,,,,,,,
43820,Stock Inventory,33844002503,Turmeric Ground OG            ,2 oz                ,"SPICE,OG2,TUMERIC,GRND",1,SHELF STABLE SEASONINGS       ,SS SPICES & SEASONINGS        ,Badia                         ,Packaged Grocery              ,2 79,1/31/19 0:00,4/4/19 14:09,,,,,,,,,,,,,,,,,,,,,,,,,,,,,,,,,,,,,,,,,,,,,,,,,,,,,,,,,,,,,,,,,,,,,,,,,,,,,,,,,,,,,,,,,,,,,,,,,,,,,,,,,,,,,,,,,,,,
43821,Stock Inventory,33844001643,Thyme Leaves OG               , 75 oz              ,"SPICE,OG2,THYME LEAVES",1,SHELF STABLE SEASONINGS       ,SS SPICES & SEASONINGS        ,Badia                         ,Packaged Grocery              ,2 89,,,,,,,,,,,,,,,,,,,,,,,,,,,,,,,,,,,,,,,,,,,,,,,,,,,,,,,,,,,,,,,,,,,,,,,,,,,,,,,,,,,,,,,,,,,,,,,,,,,,,,,,,,,,,,,,,,,,,,
43822,Stock Inventory,41570110928,Almnd Brz Choc                ,8 fl oz ,Almnd Brz Choc ,1,SHELF STABLE PLANT BASED MILK ,SS PLANT BASED MILK ALMOND    ,Almond Breeze                 ,Refrigerated                  ,1 39,12/26/17 21:57,3/9/18 17:50,"ALMONDMILK (FILTERED WATER, ALMONDS)",ALMONDMILK (FILTERED WATER, ALMONDS),,,,,,,,,,,,,,,,,,,,,,,,,,,,,,,,,,,,,,,,,,,,,,,,,,,,,,,,,,,,,,,,,,,,,,,,,,,,,,,,,,,,,,,,,,,,,,,,,,,,,,,,,,,,,,,,,
43823,Stock Inventory,41570110942,Almnd Brz UnSwt Van           ,8 fl oz ,Almnd Brz UnSwt Van,1,SHELF STABLE PLANT BASED MILK ,SS PLANT BASED MILK ALMOND    ,Almond Breeze                 ,Refrigerated                  ,1 39,10/7/17 2:31,12/16/17 16:12,"ALMONDMILK (FILTERED WATER, ALMONDS)",ALMONDMILK (FILTERED WATER, ALMONDS),,,,,,,,,,,,,,,,,,,,,,,,,,,,,,,,,,,,,,,,,,,,,,,,,,,,,,,,,,,,,,,,,,,,,,,,,,,,,,,,,,,,,,,,,,,,,,,,,,,,,,,,,,,,,,,,,
12108,Stock Inventory     ,94046,Organic Avocados,1 ct ,PRO Avocados OG 1CT,0,Produce Vegetables Organic    ,Tropical Fruit                ,Produce                       ,Produce                       ,2 49,2/5/25 0:00,2/11/25 16:30,,,,,,,,,,,,,,,,,,,,,,,,,,,,,,,,,,,,,,,,,,,,,,,,,,,,,,,,,,,,,,,,,,,,,,,,,,,,,,,,,,,,,,,,,,,,,,,,,,,,,,,,,,,,,,,,,,,,
18182,Stock Inventory     ,93107,Organic Navel Oranges,1 ct ,PRO Oranges Navel OG 1CT,0,Produce Fruit Organic         ,Citrus                        ,Produce                       ,Produce                       ,1 99,1/31/25 0:00,2/11/25 16:07,,,,,,,,,,,,,,,,,,,,,,,,,,,,,,,,,,,,,,,,,,,,,,,,,,,,,,,,,,,,,,,,,,,,,,,,,,,,,,,,,,,,,,,,,,,,,,,,,,,,,,,,,,,,,,,,,,,,
45741,Stock Inventory,86679800025,Beer Is This Beer,16 9 fl oz ,Beer Is This Beer,1,Alcoholic Beverages           ,Beer                          ,Swiftwater Brewing Co         ,Beer                          ,6 39,3/22/18 0:00,5/25/18 15:45,,,,,,,,,,,,,,,,,,,,,,,,,,,,,,,,,,,,,,,,,,,,,,,,,,,,,,,,,,,,,,,,,,,,,,,,,,,,,,,,,,,,,,,,,,,,,,,,,,,,,,,,,,,,,,,,,,,,
45742,Stock Inventory,8.50E+11,Beer Cone Head ,12 fl oz ,Beer Cone Head ,1,Alcoholic Beverages           ,Beer                          ,Zero Gravity                  ,Beer                          ,2 19,4/18/19 0:00,6/9/19 17:52,,,,,,,,,,,,,,,,,,,,,,,,,,,,,,,,,,,,,,,,,,,,,,,,,,,,,,,,,,,,,,,,,,,,,,,,,,,,,,,,,,,,,,,,,,,,,,,,,,,,,,,,,,,,,,,,,,,,
45743,Stock Inventory,7.04E+11,Beer Christmas Ale,12 fl oz ,GLB Beer Christmas Ale 12FZ,1,Alcoholic Beverages           ,Beer                          ,Great Lakes Brewing Co        ,Beer                          ,2 39,12/8/22 0:00,12/21/22 11:34,,,,,,,,,,,,,,,,,,,,,,,,,,,,,,,,,,,,,,,,,,,,,,,,,,,,,,,,,,,,,,,,,,,,,,,,,,,,,,,,,,,,,,,,,,,,,,,,,,,,,,,,,,,,,,,,,,,,
42945,Stock Inventory     ,7.41E+11,Beer Oberon Ale,12 fl oz            ,Beer Oberon Ale,1,Alcoholic Beverages           ,Beer                          ,Bell's Brewery Inc            ,Beer                          ,1 79,6/27/19 0:00,9/21/19 17:05,,,,,,,,,,,,,,,,,,,,,,,,,,,,,,,,,,,,,,,,,,,,,,,,,,,,,,,,,,,,,,,,,,,,,,,,,,,,,,,,,,,,,,,,,,,,,,,,,,,,,,,,,,,,,,,,,,,,
45744,Stock Inventory,8.15E+11,Steak Ribeye OG,10 oz ,Steak Ribeye OG,1,FROZ & REFR MEAT PLTRY & SEAF ,FZ & RF BEEF & PORK CUTS      ,Bartels Farms                 ,Meat                          ,15 59,12/1/17 0:00,1/11/18 18:41,,,,,,,,,,,,,,,,,,,,,,,,,,,,,,,,,,,,,,,,,,,,,,,,,,,,,,,,,,,,,,,,,,,,,,,,,,,,,,,,,,,,,,,,,,,,,,,,,,,,,,,,,,,,,,,,,,,,
45745,Stock Inventory,8.15E+11,Steak NY Strip OG,10 oz ,Steak NY Strip OG,1,FROZ & REFR MEAT PLTRY & SEAF ,FZ & RF BEEF & PORK CUTS      ,Bartels Farms                 ,Meat                          ,13 79,12/1/17 0:00,12/10/17 13:56,,,,,,,,,,,,,,,,,,,,,,,,,,,,,,,,,,,,,,,,,,,,,,,,,,,,,,,,,,,,,,,,,,,,,,,,,,,,,,,,,,,,,,,,,,,,,,,,,,,,,,,,,,,,,,,,,,,,
45788,Stock Inventory,84114900555,Chips Tropical Salsa,4 2 oz ,Chips Tropicl Salsa,1,SHELF STABLE CHIPS PRETZELS SN,SS POTATO CHIPS               ,Kettle Foods                  ,Packaged Grocery              ,3 39,4/2/18 0:00,4/21/18 17:25,POTATOES,POTATOES,,,,,,,,,,,,,,,,,,,,,,,,,,,,,,,,,,,,,,,,,,,,,,,,,,,,,,,,,,,,,,,,,,,,,,,,,,,,,,,,,,,,,,,,,,,,,,,,,,,,,,,,,,,,,,,,,,
13323,Stock Inventory     ,8.58E+11,Snow Cream                    ,2 oz ,Snow Cream                      ,1,SKIN CARE                     ,FACIAL LOTIONS & CREMES       ,Snowspun                      ,Body Care                     ,19 99,12/26/17 0:00,7/30/18 10:43,,,,,,,,,,,,,,,,,,,,,,,,,,,,,,,,,,,,,,,,,,,,,,,,,,,,,,,,,,,,,,,,,,,,,,,,,,,,,,,,,,,,,,,,,,,,,,,,,,,,,,,,,,,,,,,,,,,,
13324,Stock Inventory     ,8.58E+11,Snow Lotion                   ,8 oz                ,Snow Lotion                     ,1,SKIN CARE                     ,BODY LOTIONS & CREMES         ,Snowspun                      ,Body Care                     ,14 99,12/26/17 0:00,3/14/19 17:55,,,,,,,,,,,,,,,,,,,,,,,,,,,,,,,,,,,,,,,,,,,,,,,,,,,,,,,,,,,,,,,,,,,,,,,,,,,,,,,,,,,,,,,,,,,,,,,,,,,,,,,,,,,,,,,,,,,,
13326,Stock Inventory     ,8.58E+11,Snow Remedy Salve OG          ,2 oz                ,Snow Remedy Salve OG            ,1,FIRST AID & THERAPEUTIC TOPICA,THERAPEUTIC TOPICALS          ,Snowspun                      ,Body Care                     ,10 99,12/26/17 0:00,2/21/19 15:46,,,,,,,,,,,,,,,,,,,,,,,,,,,,,,,,,,,,,,,,,,,,,,,,,,,,,,,,,,,,,,,,,,,,,,,,,,,,,,,,,,,,,,,,,,,,,,,,,,,,,,,,,,,,,,,,,,,,
30664,Stock Inventory     ,8.57E+11,Bread Gluten Free Original,18 oz               ,"BRD,ORIGINAL SANDWICH,GF",1,BREAD & BAKED GOODS           ,BREAD LOAVES                  ,Rudi's                        ,Frozen                        ,6 59,9/24/20 17:54,10/29/20 16:48,"WATER, POTATO EXTRACT, HIGH OLEIC CANOLA/SUNFLOWER OIL*, RICE STARCH, RICE FLOUR, EVAPORATED CANE JUICE (CANE SUGAR), INULIN, HONEY, SUGAR CANE FIBER, EGG WHITES, YEAST, MOLASSES, SEA SALT, XANTHAN GUM, VINEGAR, NATURAL ENZYMES ",WATER, POTATO EXTRACT, HIGH OLEIC CANOLA/SUNFLOWER OIL*, RICE STARCH, RICE FLOUR, EVAPORATED CANE JUICE (CANE SUGAR), INULIN, HONEY, SUGAR CANE FIBER, EGG WHITES, YEAST, MOLASSES, SEA SALT, XANTHAN GUM, VINEGAR, NATURAL ENZYMES ,,,,,,,,,,,,,,,,,,,,,,,,,,,,,,,,,,,,,,,,,,,,,,,,,,,,,,,,,,,,,,,,,,,,,,,,,,,,,,,,,,,,,,,,,,,,,,,,,,,
30662,Stock Inventory     ,8.57E+11,Bread GF Multigrain Sandwich  ,18 oz               ,"BRD,MULTIGRN SANDWICH,GF",1,BREAD & BAKED GOODS           ,BREAD LOAVES                  ,Rudi's                        ,Frozen                        ,6 69,3/25/21 19:26,4/18/21 18:36,"Water, Potato Extract, Canola Oil*, Rice Starch, Rice Flour, Evaporated Cane Syrup, Inulin, Bamboo Fiber, Honey, Sea Salt, Molasses, Egg Whites, Cornmeal, Sunflower Seeds, Flaxseed, Millet, Yeast, Xanthan Gum, Distilled Vinegar, Natural Enzymes ",Water, Potato Extract, Canola Oil*, Rice Starch, Rice Flour, Evaporated Cane Syrup, Inulin, Bamboo Fiber, Honey, Sea Salt, Molasses, Egg Whites, Cornmeal, Sunflower Seeds, Flaxseed, Millet, Yeast, Xanthan Gum, Distilled Vinegar, Natural Enzymes ,,,,,,,,,,,,,,,,,,,,,,,,,,,,,,,,,,,,,,,,,,,,,,,,,,,,,,,,,,,,,,,,,,,,,,,,,,,,,,,,,,,,,,,,,,,,,,,
30661,Stock Inventory     ,8.57E+11,Bread GF Cinnamon Raisin      ,18 oz               ,"BRD,CINNAMON RAISIN,GF",1,BREAD & BAKED GOODS           ,BREAD LOAVES                  ,Rudi's                        ,Frozen                        ,6 69,5/17/18 0:00,2/6/19 17:12,"WATER, POTATO EXTRACT, RAISINS, HIGH OLEIC CANOLA/SUNFLOWER OIL*, RICE STARCH, RICE FLOUR, EVAPORATED CANE JUICE (CANE SUGAR), INULIN, EGG WHITES, HONEY, SUGAR CANE FIBER, YEAST, MOLASSES, SEA SALT, XANTHAN GUM, CINNAMON, VINEGAR, NATURAL ENZYMES ",WATER, POTATO EXTRACT, RAISINS, HIGH OLEIC CANOLA/SUNFLOWER OIL*, RICE STARCH, RICE FLOUR, EVAPORATED CANE JUICE (CANE SUGAR), INULIN, EGG WHITES, HONEY, SUGAR CANE FIBER, YEAST, MOLASSES, SEA SALT, XANTHAN GUM, CINNAMON, VINEGAR, NATURAL ENZYMES ,,,,,,,,,,,,,,,,,,,,,,,,,,,,,,,,,,,,,,,,,,,,,,,,,,,,,,,,,,,,,,,,,,,,,,,,,,,,,,,,,,,,,,,,,,,,,,,,,
44354,Stock Inventory     ,8.33E+11,Beer IPA                      ,16 fl oz            ,Beer IPA                        ,1,Alcoholic Beverages           ,Beer                          ,Glutenberg                    ,Beer                          ,3 09,6/22/17 0:00,4/3/18 17:52,,,,,,,,,,,,,,,,,,,,,,,,,,,,,,,,,,,,,,,,,,,,,,,,,,,,,,,,,,,,,,,,,,,,,,,,,,,,,,,,,,,,,,,,,,,,,,,,,,,,,,,,,,,,,,,,,,,,
8684,Stock Inventory     ,79565005133,Nasal Cleansing Pot           ,1 ct ,AS Nasal Cleansing Pot 1CT,0,FIRST AID & THERAPEUTIC TOPICA,HOME HEALTH CARE IMPLEMENTS   ,Ancient Secrets               ,Body Care                     ,15 99,1/23/25 0:00,2/1/25 11:22,"French Panel
Ancient Secrets(R)
Pot Lavage Du Nez
Modele Ceramique Original
Design Evolue
Pour le nettoyage des passages nasaux selon la pratique traditionnelle de Neti
*Effacer Les Passages Nasaux
*Retirer LExces De Mucus
*Reduire La Poussiere Et Le Pollen En Nettoyant Les Passages Nasaux
*Soulager La Secheresse Nasale
*Fabrication Robuste
*Au Lave-Vaisselle
*Fabrique A Partir De La Ceramique Sans Plomb Et Scelle Avec Un Glacure De
Qualite Alimentaire
CONTIENT: Un Pot Lavage Du Nez
After completing the cleansing process (optional)
Take a deep breath and exhale, blowing gently through both of your nostrils,
over a sink or into a tissue  Be sure not to close off your nostrils as you
blow, as you are trying to expel the excess solution and any residual mucus 
Performing some side or forward-bending stretches, prior to the deep breathing
exercise above, may also help to ease drainage 
Experiment with this to find out what works best for you ",French Panel,,,,,,,,,,,,,,,,,,,,,,,,,,,,,,,,,,,,,,,,,,,,,,,,,,,,,,,,,,,,,,,,,,,,,,,,,,,,,,,,,,,,,,,,,,,,,,,,,,,,,,,,,,,,,,,,,,
9498,Stock Inventory     ,6168,Organic Decaf Breakfast Blend Coffee,lb ,EE Coffee Bkfst Blnd Decaf LB,0,Bulk Coffee                   ,,Equal Exchange                ,Bulk                          ,15 69,1/14/25 0:00,2/10/25 16:42,,,,,,,,,,,,,,,,,,,,,,,,,,,,,,,,,,,,,,,,,,,,,,,,,,,,,,,,,,,,,,,,,,,,,,,,,,,,,,,,,,,,,,,,,,,,,,,,,,,,,,,,,,,,,,,,,,,,
39137,Stock Inventory     ,8.30E+11,Gum Pouch Coolmint            ,2 8 oz ,PUR Gum Pouch Coolmint 2 8OZ,1,SHELF STABLE CANDY            ,SS GUMS & MINTS               ,Pur                           ,Packaged Grocery              ,4 59,10/3/22 0:00,11/2/22 16:58,XYLITOL,XYLITOL,,,,,,,,,,,,,,,,,,,,,,,,,,,,,,,,,,,,,,,,,,,,,,,,,,,,,,,,,,,,,,,,,,,,,,,,,,,,,,,,,,,,,,,,,,,,,,,,,,,,,,,,,,,,,,,,,,
37398,Stock Inventory     ,8.30E+11,Gum Pouch Spearmint           ,2 82 oz ,PUR Gum Pouch Spearmint 2 82OZ,0,SHELF STABLE CANDY            ,SS GUMS & MINTS               ,Pur                           ,Packaged Grocery              ,4 59,1/22/25 0:00,2/7/25 11:59,XYLITOL,XYLITOL,,,,,,,,,,,,,,,,,,,,,,,,,,,,,,,,,,,,,,,,,,,,,,,,,,,,,,,,,,,,,,,,,,,,,,,,,,,,,,,,,,,,,,,,,,,,,,,,,,,,,,,,,,,,,,,,,,
36877,Stock Inventory     ,8.30E+11,Gum Pouch Pomegnt Mint        ,2 82 oz             ,"GUM,POMEGRANATE MINT,55P",1,SHELF STABLE CANDY            ,SS GUMS & MINTS               ,Pur                           ,Packaged Grocery              ,4 49,5/8/19 18:46,10/26/19 13:20,XYLITOL,XYLITOL,,,,,,,,,,,,,,,,,,,,,,,,,,,,,,,,,,,,,,,,,,,,,,,,,,,,,,,,,,,,,,,,,,,,,,,,,,,,,,,,,,,,,,,,,,,,,,,,,,,,,,,,,,,,,,,,,,
37397,Stock Inventory     ,8.30E+11,Gum Pouch Peppermint          ,2 82 oz ,PUR Gum Pouch Peppermint 2 82OZ,1,SHELF STABLE CANDY            ,SS GUMS & MINTS               ,Pur                           ,Packaged Grocery              ,4 59,8/17/22 0:00,9/18/22 11:15,"XYLITOL, GUM BASE, GUM ARABIC, NATURAL FLAVORS, GLYCEROL, CARNAUBA WAX, TOCOPHEROLS ",XYLITOL, GUM BASE, GUM ARABIC, NATURAL FLAVORS, GLYCEROL, CARNAUBA WAX, TOCOPHEROLS ,,,,,,,,,,,,,,,,,,,,,,,,,,,,,,,,,,,,,,,,,,,,,,,,,,,,,,,,,,,,,,,,,,,,,,,,,,,,,,,,,,,,,,,,,,,,,,,,,,,,,,,,,,,,
39136,Stock Inventory     ,8.30E+11,Gum Pouch Cinnamon            ,2 8 oz              ,"GUM,CINNAMON,55 PCS",1,SHELF STABLE CANDY            ,SS GUMS & MINTS               ,Pur                           ,Packaged Grocery              ,4 99,4/28/24 0:00,8/31/14 16:28,XYLITOL,XYLITOL,,,,,,,,,,,,,,,,,,,,,,,,,,,,,,,,,,,,,,,,,,,,,,,,,,,,,,,,,,,,,,,,,,,,,,,,,,,,,,,,,,,,,,,,,,,,,,,,,,,,,,,,,,,,,,,,,,
37396,Stock Inventory     ,8.30E+11,Gum Pouch Wintergreen         ,2 82 oz ,PUR Gum Pouch Wintergreen 2 82OZ,0,SHELF STABLE CANDY            ,SS GUMS & MINTS               ,Pur                           ,Packaged Grocery              ,4 59,1/22/25 0:00,2/9/25 18:22,"XYLITOL  GUM BASE, GUM ARABIC, NATURAL FLAVORS, GLYCEROL, CARNAUBA WAX, TOCOPHEROLS ",XYLITOL  GUM BASE, GUM ARABIC, NATURAL FLAVORS, GLYCEROL, CARNAUBA WAX, TOCOPHEROLS ,,,,,,,,,,,,,,,,,,,,,,,,,,,,,,,,,,,,,,,,,,,,,,,,,,,,,,,,,,,,,,,,,,,,,,,,,,,,,,,,,,,,,,,,,,,,,,,,,,,,,,,,,,,,,
42711,Stock Inventory     ,8.13E+11,Body Oil Sublime Sweet Orange ,2 fl oz ,Body Oil Sublme Org             ,1,AROMATHERAPY & BODY OILS      ,BODY & MASSAGE OILS           ,Acure                         ,Body Care                     ,11 29,2/22/18 17:45,10/28/18 17:27,,,,,,,,,,,,,,,,,,,,,,,,,,,,,,,,,,,,,,,,,,,,,,,,,,,,,,,,,,,,,,,,,,,,,,,,,,,,,,,,,,,,,,,,,,,,,,,,,,,,,,,,,,,,,,,,,,,,
46257,Stock Inventory,6.55E+11,Smooth Shine Apple Conditioner,11 fl oz ,AO Cond Smth Shn Apple 11FZ,0,HAIR CARE                     ,CONDITIONER                   ,Avalon Organics               ,Body Care                     ,11 19,1/30/25 0:00,2/9/25 16:23,"Aloe Barbadensis Leaf Juice(1), Aqua (Water), Brassica Alcohol, Glycerin,
Cetearyl Alcohol, Capryloyl Glycerin/Sebacic Acid Copolymer, Cocos Nucifera
(Coconut) Oil(1), Diheptyl Succinate, Brassicyl Isoleucinate Esylate,
Gluconolactone, Argania Spinosa Kernel Oil(1), Cinnamomum Camphora (Camphor)
Bark Oil, Cinnamomum Zeylanicum Leaf Oil, Citrus Aurantium Dulcis (Orange) Peel
Oil, Orbignya Oleifera (Babassu) Seed Oil(1), Brassica Oleracea Italica
(Broccoli) Seed Extract(1), Calendula O cinalis Flower Extract(1), Chenopodium
Quinoa Seed(1), Apple Cider Vinegar(1), Urtica Dioica (Nettle) Leaf Extract(1),
Tocopheryl Acetate, Arachidyl Alcohol, Arginine, Behenyl Alcohol,
Caprylic/Capric Triglyceride, Ethyl Acetoacetate, Gamma-Undecalactone, Glyceryl
Stearate, Stearyl Alcohol, Alcohol(1), Calcium Gluconate, Sodium Benzoate, Amyl
Cinnamal
(1)Certified Organic Ingredient
Product is preserved with Sodium Benzoate",Aloe Barbadensis Leaf Juice(1), Aqua (Water), Brassica Alcohol, Glycerin,,,,,,,,,,,,,,,,,,,,,,,,,,,,,,,,,,,,,,,,,,,,,,,,,,,,,,,,,,,,,,,,,,,,,,,,,,,,,,,,,,,,,,,,,,,,,,,,,,,,,,,,,,,,,,,
46258,Stock Inventory,8.52E+11,Potato Chips Original ,1 6 oz ,TGC Potato Chips Orignl 1 6OZ,0,SHELF STABLE CHIPS PRETZELS SN,SS POTATO CHIPS               ,The Good Crisp Company        ,Packaged Grocery              ,1 89,2/5/25 0:00,2/11/25 16:11,DRIED POTATO FLAKES,DRIED POTATO FLAKES,,,,,,,,,,,,,,,,,,,,,,,,,,,,,,,,,,,,,,,,,,,,,,,,,,,,,,,,,,,,,,,,,,,,,,,,,,,,,,,,,,,,,,,,,,,,,,,,,,,,,,,,,,,,,,,,,,
46259,Stock Inventory,8.52E+11,Potato Chips Original,5 6 oz ,TGC POTATO CRISPS ORIGINAL 5 6OZ,0,SHELF STABLE CHIPS PRETZELS SN,SS POTATO CHIPS               ,The Good Crisp Company        ,Packaged Grocery              ,3 99,2/6/25 0:00,2/11/25 15:37,DRIED POTATO FLAKES,DRIED POTATO FLAKES,,,,,,,,,,,,,,,,,,,,,,,,,,,,,,,,,,,,,,,,,,,,,,,,,,,,,,,,,,,,,,,,,,,,,,,,,,,,,,,,,,,,,,,,,,,,,,,,,,,,,,,,,,,,,,,,,,
42085,Stock Inventory     ,7.16E+11,Sweet Drops Caramel           ,1 7 fl oz ,SL Sweet Drops Caramel 1 7FZ,0,SHELF STABLE SWEETENERS       ,SS SWEETENERS LOW & NO CALORIE,Sweet Leaf                    ,Packaged Grocery              ,4 99,11/21/24 0:00,1/8/25 17:14,"Vegetable Glycerin, Purified Water, Stevia Leaf Extract, Natural Flavors, Water Soluble Dietary Fiber",Vegetable Glycerin, Purified Water, Stevia Leaf Extract, Natural Flavors, Water Soluble Dietary Fiber,,,,,,,,,,,,,,,,,,,,,,,,,,,,,,,,,,,,,,,,,,,,,,,,,,,,,,,,,,,,,,,,,,,,,,,,,,,,,,,,,,,,,,,,,,,,,,,,,,,,,,,,,,,,,,
42089,Stock Inventory     ,7.16E+11,Sweet Drops Vanilla           ,1 7 fl oz ,SL Sweet Drops Vanilla 1 7FZ,0,SHELF STABLE SWEETENERS       ,SS SWEETENERS LOW & NO CALORIE,Sweet Leaf                    ,Packaged Grocery              ,4 99,11/14/24 0:00,1/16/25 14:39,"VEGETABLE GLYCERIN, PURIFIED WATER, NATURAL VANILLA EXTRACT, STEVIA LEAF EXTRACT, WATER SOLUBLE DIETARY FIBER",VEGETABLE GLYCERIN, PURIFIED WATER, NATURAL VANILLA EXTRACT, STEVIA LEAF EXTRACT, WATER SOLUBLE DIETARY FIBER,,,,,,,,,,,,,,,,,,,,,,,,,,,,,,,,,,,,,,,,,,,,,,,,,,,,,,,,,,,,,,,,,,,,,,,,,,,,,,,,,,,,,,,,,,,,,,,,,,,,,,,,,,,,,,
36093,Stock Inventory     ,93184,Echalions                     ,lb ,Echalions OG LCL                ,1,Produce Vegetables Organic    ,Root Vegetables               ,Fraser's Garlic Farm          ,Produce                       ,6 19,3/9/18 0:00,5/24/18 14:27,,,,,,,,,,,,,,,,,,,,,,,,,,,,,,,,,,,,,,,,,,,,,,,,,,,,,,,,,,,,,,,,,,,,,,,,,,,,,,,,,,,,,,,,,,,,,,,,,,,,,,,,,,,,,,,,,,,,
39955,Stock Inventory     ,931841,Echalions OG Reduced          ,lb                  ,Echalion OG Reduced             ,1,,,Produce                       ,Produce                       ,0,,4/11/17 10:54,,,,,,,,,,,,,,,,,,,,,,,,,,,,,,,,,,,,,,,,,,,,,,,,,,,,,,,,,,,,,,,,,,,,,,,,,,,,,,,,,,,,,,,,,,,,,,,,,,,,,,,,,,,,,,,,,,,,
33463,Stock Inventory     ,93210,Herbs Assorted Varieties      , 75 oz              ,Herbs Assorted Varieties OG     ,1,Produce Vegetables Organic    ,Vegetables                    ,Mint Thyme Sage Rosemary      ,Produce                       ,2 79,,2/20/12 19:00,,,,,,,,,,,,,,,,,,,,,,,,,,,,,,,,,,,,,,,,,,,,,,,,,,,,,,,,,,,,,,,,,,,,,,,,,,,,,,,,,,,,,,,,,,,,,,,,,,,,,,,,,,,,,,,,,,,,
36764,Stock Inventory     ,932671X       ,Ginger Hawaiian Yellow Reduced,lb                  ,GingerYellow reduce             ,1,Produce Herbs                 ,Root Vegetables               ,Kolo Kai Organic Farm         ,Produce                       ,0,,5/25/16 17:10,,,,,,,,,,,,,,,,,,,,,,,,,,,,,,,,,,,,,,,,,,,,,,,,,,,,,,,,,,,,,,,,,,,,,,,,,,,,,,,,,,,,,,,,,,,,,,,,,,,,,,,,,,,,,,,,,,,,
46177,Stock Inventory     ,39047010208,Cookies Shortbread Round GF   ,4 9 oz              ,"COOKIES,SHORTBREAD RND,G",1,SHELF STABLE COOKIES & SNACK B,SS COOKIES                    ,Walkers                       ,Packaged Grocery              ,4 99,6/18/18 0:00,10/27/18 15:21,"Flour Blend (Rice, Potato Starch, Maize, Stabiliser: Xanthan Gum)",Flour Blend (Rice, Potato Starch, Maize, Stabiliser: Xanthan Gum),,,,,,,,,,,,,,,,,,,,,,,,,,,,,,,,,,,,,,,,,,,,,,,,,,,,,,,,,,,,,,,,,,,,,,,,,,,,,,,,,,,,,,,,,,,,,,,,,,,,,,,,,,,,,,,
46176,Stock Inventory     ,6.99E+11,Cookies Sea Salt Caramel Cashe,9 1 oz              ,Cooks Slt Crml Cshw             ,1,SHELF STABLE COOKIES & SNACK B,SS COOKIES                    ,Udi's                         ,Packaged Grocery              ,5 89,2/21/18 0:00,5/10/18 11:55,"TAPIOCA STARCH, DRIED CANE SYRUP, PALM OIL, BROWN RICE FLOUR, CASHEW PIECES, EGGS, TAPIOCA SYRUP, TOFFEE BITS (RICE SYRUP, PALM OIL, CANE SUGAR, ALMONDS, SALT, AGAR GUM, NATURAL FLAVOR), POTATO STARCH, SALT, MOLASSES, NATURAL FLAVOR, VANILLA EXTRACT, XANTHAN GUM, BAKING SODA, CARAMEL COLOR ",TAPIOCA STARCH, DRIED CANE SYRUP, PALM OIL, BROWN RICE FLOUR, CASHEW PIECES, EGGS, TAPIOCA SYRUP, TOFFEE BITS (RICE SYRUP, PALM OIL, CANE SUGAR, ALMONDS, SALT, AGAR GUM, NATURAL FLAVOR), POTATO STARCH, SALT, MOLASSES, NATURAL FLAVOR, VANILLA EXTRACT, XANTHAN GUM, BAKING SODA, CARAMEL COLOR ,,,,,,,,,,,,,,,,,,,,,,,,,,,,,,,,,,,,,,,,,,,,,,,,,,,,,,,,,,,,,,,,,,,,,,,,,,,,,,,,,,,,,,,,,,,,,
46233,Stock Inventory     ,6.99E+11,Cookies Choc Chip Pecan       ,9 1 oz              ,Cookies ChcChp Pcn              ,1,SHELF STABLE COOKIES & SNACK B,SS COOKIES                    ,Udi's                         ,Packaged Grocery              ,5 89,2/21/18 0:00,5/1/18 11:10,"PALM OIL, DRIED CANE SYRUP, TAPIOCA STARCH, EGGS, TAPIOCA SYRUP, ORGANIC SEMI-SWEET CHOCOLATE CHIPS (ORGANIC CANE SUGAR, ORGANIC CHOCOLATE LIQUOR, ORGANIC COCOA BUTTER, ORGANIC VANILLA EXTRACT), BROWN RICE FLOUR, POTATO STARCH, PECANS, MOLASSES, NATURAL FLAVOR, VANILLA EXTRACT, SALT, XANTHAN GUM, BAKING SODA AND CARAMEL COLOR ",PALM OIL, DRIED CANE SYRUP, TAPIOCA STARCH, EGGS, TAPIOCA SYRUP, ORGANIC SEMI-SWEET CHOCOLATE CHIPS (ORGANIC CANE SUGAR, ORGANIC CHOCOLATE LIQUOR, ORGANIC COCOA BUTTER, ORGANIC VANILLA EXTRACT), BROWN RICE FLOUR, POTATO STARCH, PECANS, MOLASSES, NATURAL FLAVOR, VANILLA EXTRACT, SALT, XANTHAN GUM, BAKING SODA AND CARAMEL COLOR ,,,,,,,,,,,,,,,,,,,,,,,,,,,,,,,,,,,,,,,,,,,,,,,,,,,,,,,,,,,,,,,,,,,,,,,,,,,,,,,,,,,,,,,,,,,,,,,,,
46181,Stock Inventory     ,7.33E+11,Diapers Baby 4 22-32 lbs      ,27 ct               ,Diaprs Baby4 22-32#             ,1,PERSONAL CARE                 ,BABY DIAPERS                  ,Seventh Generation            ,Packaged Grocery              ,12 99,1/9/20 0:00,8/10/20 19:09,"UNBLEACHED WOOD PULP, SODIUM POLYACRYLATE, POLYPROPYLENE, ADHESIVES  POLYMER SPANDEX, POLYURETHANE, PIGMENTS",UNBLEACHED WOOD PULP, SODIUM POLYACRYLATE, POLYPROPYLENE, ADHESIVES  POLYMER SPANDEX, POLYURETHANE, PIGMENTS,,,,,,,,,,,,,,,,,,,,,,,,,,,,,,,,,,,,,,,,,,,,,,,,,,,,,,,,,,,,,,,,,,,,,,,,,,,,,,,,,,,,,,,,,,,,,,,,,,,,,,,,,,,,,
46180,Stock Inventory     ,70227600017,Matzo Passover                ,16 oz               ,"MATZO,PASS",1,SHELF STABLE CRACKERS & CRISPB,SS CRISPBREADS & TOASTS       ,Streit's                      ,Packaged Grocery              ,4 79,1/29/25 0:00,4/19/19 12:42,PASSOVER WHEAT FLOUR,PASSOVER WHEAT FLOUR,,,,,,,,,,,,,,,,,,,,,,,,,,,,,,,,,,,,,,,,,,,,,,,,,,,,,,,,,,,,,,,,,,,,,,,,,,,,,,,,,,,,,,,,,,,,,,,,,,,,,,,,,,,,,,,,,,
46187,Stock Inventory     ,7.98E+11,Candy Caramel Robin Eggs      ,4 25 oz             ,Candy Crml Rbn Eggs             ,1,SHELF STABLE CANDY            ,SS CANDY CHOCOLATE            ,Marich                        ,Packaged Grocery              ,5 59,2/20/18 0:00,3/22/18 13:32,,,,,,,,,,,,,,,,,,,,,,,,,,,,,,,,,,,,,,,,,,,,,,,,,,,,,,,,,,,,,,,,,,,,,,,,,,,,,,,,,,,,,,,,,,,,,,,,,,,,,,,,,,,,,,,,,,,,
46186,Stock Inventory     ,7.98E+11,Candy Spring Fruit Mix        ,4 25 oz             ,Candy Sprng Frt Mix             ,1,SHELF STABLE CANDY            ,SS CANDY CHOCOLATE            ,Marich                        ,Packaged Grocery              ,5 59,2/20/18 0:00,3/28/18 17:20,,,,,,,,,,,,,,,,,,,,,,,,,,,,,,,,,,,,,,,,,,,,,,,,,,,,,,,,,,,,,,,,,,,,,,,,,,,,,,,,,,,,,,,,,,,,,,,,,,,,,,,,,,,,,,,,,,,,
46265,Stock Inventory     ,89836184450,Mexican Fiesta,2 oz ,FC Mexican Fiesta 2OZ,0,SHELF STABLE SEASONINGS       ,SS SPICES & SEASONINGS        ,Frontier Coop                 ,Packaged Grocery              ,4 39,1/30/25 0:00,2/4/25 19:30,CHILI PEPPERS (MAY CONTAIN SILICON DIOXIDE),CHILI PEPPERS (MAY CONTAIN SILICON DIOXIDE),,,,,,,,,,,,,,,,,,,,,,,,,,,,,,,,,,,,,,,,,,,,,,,,,,,,,,,,,,,,,,,,,,,,,,,,,,,,,,,,,,,,,,,,,,,,,,,,,,,,,,,,,,,,,,,,,,
46167,Stock Inventory     ,8.20E+11,Cookies Mini Vanilla Wafers   ,6 / 1 12 oz         ,Cookies Min Van Wfr             ,1,SHELF STABLE COOKIES & SNACK B,SS COOKIES                    ,Back To Nature                ,Packaged Grocery              ,5 99,2/15/18 0:00,8/31/18 13:12,"UNBLEACHED WHEAT FLOUR, CANE SUGAR, PALM OIL, NATURAL FLAVOR, SALT, LEAVENING (BAKING SODA, MONOCALCIUM PHOSPHATE) ",UNBLEACHED WHEAT FLOUR, CANE SUGAR, PALM OIL, NATURAL FLAVOR, SALT, LEAVENING (BAKING SODA, MONOCALCIUM PHOSPHATE) ,,,,,,,,,,,,,,,,,,,,,,,,,,,,,,,,,,,,,,,,,,,,,,,,,,,,,,,,,,,,,,,,,,,,,,,,,,,,,,,,,,,,,,,,,,,,,,,,,,,,,,,,,,,,
46166,Stock Inventory     ,8.20E+11,Fudge Mint Cookies,6 4 oz ,BTN Cookies Fudge Mint 6 4OZ,0,SHELF STABLE COOKIES & SNACK B,SS COOKIES                    ,Back To Nature                ,Packaged Grocery              ,6 99,12/29/24 0:00,2/6/25 10:57,"FUDGE COATING (CANE SUGAR, PALM KERNEL OIL, COCOA POWDER (PROCESSED WITH ALKALI), SUNFLOWER LECITHIN, SALT), UNBLEACHED WHEAT FLOUR, CANE SUGAR, PALM OIL, COCOA POWDER (PROCESSED WITH ALKALI), LEAVENING (BAKING SODA, AMMONIUM BICARBONATE), SEA SALT, SOY LECITHIN, PEPPERMINT OIL ",FUDGE COATING (CANE SUGAR, PALM KERNEL OIL, COCOA POWDER (PROCESSED WITH ALKALI), SUNFLOWER LECITHIN, SALT), UNBLEACHED WHEAT FLOUR, CANE SUGAR, PALM OIL, COCOA POWDER (PROCESSED WITH ALKALI), LEAVENING (BAKING SODA, AMMONIUM BICARBONATE), SEA SALT, SOY LECITHIN, PEPPERMINT OIL ,,,,,,,,,,,,,,,,,,,,,,,,,,,,,,,,,,,,,,,,,,,,,,,,,,,,,,,,,,,,,,,,,,,,,,,,,,,,,,,,,,,,,,,,,,,,,,,,,,,,,
46240,Stock Inventory     ,8.10E+11,Gummy Bear Easter OG          ,6 oz                ,Gummy Bear Easter               ,1,SHELF STABLE CANDY            ,SS CANDY NON CHOCOLATE        ,YumEarth                      ,Packaged Grocery              ,6 89,2/21/18 0:00,3/20/18 14:32,"ORGANIC RICE SYRUP, ORGANIC CANE SUGAR, FRUIT PECTIN, CITRIC ACID, ASCORBIC ACID, NATURAL FLAVORS, (ORGANIC CARROT JUICE FROM CONCENTRATE, ORGANIC PUMPKIN JUICE FROM CONCENTRATE, ORGANIC APPLE JUICE FROM CONCENTRATE, ORGANIC BLACK CURRANT JUICE FROM CONCENTRATE) FOR COLOR ",ORGANIC RICE SYRUP, ORGANIC CANE SUGAR, FRUIT PECTIN, CITRIC ACID, ASCORBIC ACID, NATURAL FLAVORS, (ORGANIC CARROT JUICE FROM CONCENTRATE, ORGANIC PUMPKIN JUICE FROM CONCENTRATE, ORGANIC APPLE JUICE FROM CONCENTRATE, ORGANIC BLACK CURRANT JUICE FROM CONCENTRATE) FOR COLOR ,,,,,,,,,,,,,,,,,,,,,,,,,,,,,,,,,,,,,,,,,,,,,,,,,,,,,,,,,,,,,,,,,,,,,,,,,,,,,,,,,,,,,,,,,,,,,,,,,,,,,,,,,
46171,Stock Inventory     ,8.20E+11,Cookies Triple Ginger         ,9 oz                ,Cookies Triple Gngr             ,1,SHELF STABLE COOKIES & SNACK B,SS COOKIES                    ,Back To Nature                ,Packaged Grocery              ,5 39,12/10/18 0:00,2/23/19 15:43,UNBLEACHED WHEAT FLOUR,UNBLEACHED WHEAT FLOUR,,,,,,,,,,,,,,,,,,,,,,,,,,,,,,,,,,,,,,,,,,,,,,,,,,,,,,,,,,,,,,,,,,,,,,,,,,,,,,,,,,,,,,,,,,,,,,,,,,,,,,,,,,,,,,,,,,
46170,Stock Inventory     ,8.20E+11,Cookies Thin Macadamia Chunk  ,6 oz                ,Ckies Thin Mcdm Chk             ,1,SHELF STABLE COOKIES & SNACK B,SS COOKIES                    ,Back To Nature                ,Packaged Grocery              ,5 39,10/17/18 0:00,2/7/19 14:52,WHEAT FLOUR,WHEAT FLOUR,,,,,,,,,,,,,,,,,,,,,,,,,,,,,,,,,,,,,,,,,,,,,,,,,,,,,,,,,,,,,,,,,,,,,,,,,,,,,,,,,,,,,,,,,,,,,,,,,,,,,,,,,,,,,,,,,,
46169,Stock Inventory     ,8.20E+11,Cookies Thin Chocolate Chunk  ,6 oz                ,Ckies Thin Choc Chk             ,1,SHELF STABLE COOKIES & SNACK B,SS COOKIES                    ,Back To Nature                ,Packaged Grocery              ,5 39,11/18/19 0:00,2/22/20 12:13,WHEAT FLOUR,WHEAT FLOUR,,,,,,,,,,,,,,,,,,,,,,,,,,,,,,,,,,,,,,,,,,,,,,,,,,,,,,,,,,,,,,,,,,,,,,,,,,,,,,,,,,,,,,,,,,,,,,,,,,,,,,,,,,,,,,,,,,
46168,Stock Inventory     ,8.20E+11,Cookies Shortbread OG         ,4 5 oz              ,Cookies Shortbread              ,1,SHELF STABLE COOKIES & SNACK B,SS COOKIES                    ,Back To Nature                ,Packaged Grocery              ,6 39,4/16/18 0:00,6/11/18 19:49,"Organic Unbleached Enriched Flour (Organic Wheat Flour, Niacin, Reduced Iron, Thiamine Mononitrate {Vitamin B1}, Riboflavin {Vitamin B2}, Folic Acid), Organic Butter (Organic Cream {from Milk}, Salt), Organic Dried Cane Syrup, Sea Salt, Organic Vanilla Extract ",Organic Unbleached Enriched Flour (Organic Wheat Flour, Niacin, Reduced Iron, Thiamine Mononitrate {Vitamin B1}, Riboflavin {Vitamin B2}, Folic Acid), Organic Butter (Organic Cream {from Milk}, Salt), Organic Dried Cane Syrup, Sea Salt, Organic Vanilla Extract ,,,,,,,,,,,,,,,,,,,,,,,,,,,,,,,,,,,,,,,,,,,,,,,,,,,,,,,,,,,,,,,,,,,,,,,,,,,,,,,,,,,,,,,,,,,,,,,,,,,,,,,,
46244,Stock Inventory     ,71537020458,Seltzer Pomegranate,33 8 fl oz ,PS Seltzer Pomegranate 33 8FZ,1,SHELF STABLE WATER            ,SS WATER SPARKLING FLAVORED   ,Polar Seltzer                 ,Packaged Grocery              ,1 19,5/19/22 0:00,7/31/22 19:26,,,,,,,,,,,,,,,,,,,,,,,,,,,,,,,,,,,,,,,,,,,,,,,,,,,,,,,,,,,,,,,,,,,,,,,,,,,,,,,,,,,,,,,,,,,,,,,,,,,,,,,,,,,,,,,,,,,,
46175,Stock Inventory     ,6.99E+11,Cookies Peanut Butter Coconut ,9 1 oz              ,Cookies PB Coconut              ,1,SHELF STABLE COOKIES & SNACK B,SS COOKIES                    ,Udi's                         ,Packaged Grocery              ,5 89,10/28/19 17:42,3/16/20 14:47,"TAPIOCA STARCH, DRIED CANE SYRUP, PALM OIL, PEANUT BUTTER (ROASTED PEANUTS, BROWN RICE FLOUR, EGGS, TAPIOCA SYRUP, ORGANIC COCONUT, POTATO STARCH, APPLE JUICE CONCENTRATE, MOLASSES, NATURAL FLAVORS, VANILLA EXTRACT, SALT, XANTHAN GUM, BAKING SODA, CARAMEL COLOR ",TAPIOCA STARCH, DRIED CANE SYRUP, PALM OIL, PEANUT BUTTER (ROASTED PEANUTS, BROWN RICE FLOUR, EGGS, TAPIOCA SYRUP, ORGANIC COCONUT, POTATO STARCH, APPLE JUICE CONCENTRATE, MOLASSES, NATURAL FLAVORS, VANILLA EXTRACT, SALT, XANTHAN GUM, BAKING SODA, CARAMEL COLOR ,,,,,,,,,,,,,,,,,,,,,,,,,,,,,,,,,,,,,,,,,,,,,,,,,,,,,,,,,,,,,,,,,,,,,,,,,,,,,,,,,,,,,,,,,,,,,,,,,,
46174,Stock Inventory     ,33092004106,Cookies Noblesse              ,14 oz               ,"COOKIES,NOBLESSE",1,SHELF STABLE COOKIES & SNACK B,SS COOKIES                    ,Hans Freitag                  ,Packaged Grocery              ,4 99,3/12/18 0:00,4/9/18 13:04,"Wheat Flour, Palm And Coconut Fat, Sugar, Dextrose, Chocolate (Sugar, Cocoa Liquor, Cocoa Butter, Soy Lecithin), Wheat Starch, Glucose Syrup (From Wheat), Mixed Fruit Preparation [Sugar, Strawberries, Cherries, Raspberries, Apples, Pectin, Citric Acid (Acidifier)], Cocoa Powder, Salt, Soy Lecithin, Lactose (Milk), Egg, Sodium Bicarbonate, Ammonium Bicarbonate, Sodium Caseinate (Milk), Natural Flavor, Barley Malt Extract ",Wheat Flour, Palm And Coconut Fat, Sugar, Dextrose, Chocolate (Sugar, Cocoa Liquor, Cocoa Butter, Soy Lecithin), Wheat Starch, Glucose Syrup (From Wheat), Mixed Fruit Preparation [Sugar, Strawberries, Cherries, Raspberries, Apples, Pectin, Citric Acid (Acidifier)], Cocoa Powder, Salt, Soy Lecithin, Lactose (Milk), Egg, Sodium Bicarbonate, Ammonium Bicarbonate, Sodium Caseinate (Milk), Natural Flavor, Barley Malt Extract ,,,,,,,,,,,,,,,,,,,,,,,,,,,,,,,,,,,,,,,,,,,,,,,,,,,,,,,,,,,,,,,,,,,,,,,,,,,,,,,,,,,,,,,,
46165,Stock Inventory     ,8.20E+11,Cookies California Lemon      ,9 oz                ,Cookies Calif Lemon             ,1,SHELF STABLE COOKIES & SNACK B,SS COOKIES                    ,Back To Nature                ,Packaged Grocery              ,5 39,10/28/18 0:00,2/28/19 14:58,"WHOLE GRAIN WHEAT FLOUR, CANE SUGAR,, PALM OIL, SEA SALT, BAKING POWDER (MONOCALCIUM PHOSPHATE  BAKING SODA), NATURAL FLAVOR, LEMON OIL ",WHOLE GRAIN WHEAT FLOUR, CANE SUGAR,, PALM OIL, SEA SALT, BAKING POWDER (MONOCALCIUM PHOSPHATE  BAKING SODA), NATURAL FLAVOR, LEMON OIL ,,,,,,,,,,,,,,,,,,,,,,,,,,,,,,,,,,,,,,,,,,,,,,,,,,,,,,,,,,,,,,,,,,,,,,,,,,,,,,,,,,,,,,,,,,,,,,,,,,,,,,,,,,,
46163,Stock Inventory     ,8.20E+11,Fudge Striped Cookies,8 5 oz ,BTN Cookies Fudge Strip 8 5OZ,0,SHELF STABLE COOKIES & SNACK B,SS COOKIES                    ,Back To Nature                ,Packaged Grocery              ,6 99,1/22/25 0:00,2/10/25 13:40,"UNBLEACHED WHEAT FLOUR, FUDGE COATING (CANE SUGAR, PALM KERNEL OIL, COCOA POWDER (PROCESSED WITH ALKALI), SUNFLOWER LECITHIN, SALT), CANE SUGAR, PALM OIL, SEA SALT, LEAVENING (BAKING SODA, AMMONIUM BICARBONATE), SOY LECITHIN, NATURAL FLAVOR ",UNBLEACHED WHEAT FLOUR, FUDGE COATING (CANE SUGAR, PALM KERNEL OIL, COCOA POWDER (PROCESSED WITH ALKALI), SUNFLOWER LECITHIN, SALT), CANE SUGAR, PALM OIL, SEA SALT, LEAVENING (BAKING SODA, AMMONIUM BICARBONATE), SOY LECITHIN, NATURAL FLAVOR ,,,,,,,,,,,,,,,,,,,,,,,,,,,,,,,,,,,,,,,,,,,,,,,,,,,,,,,,,,,,,,,,,,,,,,,,,,,,,,,,,,,,,,,,,,,,,,,,,,,,,,
46162,Stock Inventory     ,8.10E+11,Chocolate Chip Cookies,7 oz ,TBS Cookies Choc Chip 7OZ,0,SHELF STABLE COOKIES & SNACK B,SS COOKIES                    ,Tate's Bake Shop              ,Packaged Grocery              ,5 99,1/22/25 0:00,2/11/25 16:25,"SEMI-SWEET CHOCOLATE CHIPS (SUGAR, CHOCOLATE LIQUOR, COCOA BUTTER, MILK FAT, SOY LECITHIN [AN EMULSIFIER], VANILLA, NATURAL FLAVOR), UNBLEACHED FLOUR (WHEAT FLOUR, NIACIN, REDUCED IRON, THIAMIN MONONITRATE, RIBOFLAVIN, FOLIC ACID, MALTED BARLEY FLOUR), BUTTER, CANE SUGAR, BROWN CANE SUGAR, EGGS, BAKING SODA, SALT, AND VANILLA EXTRACT",SEMI-SWEET CHOCOLATE CHIPS (SUGAR, CHOCOLATE LIQUOR, COCOA BUTTER, MILK FAT, SOY LECITHIN [AN EMULSIFIER], VANILLA, NATURAL FLAVOR), UNBLEACHED FLOUR (WHEAT FLOUR, NIACIN, REDUCED IRON, THIAMIN MONONITRATE, RIBOFLAVIN, FOLIC ACID, MALTED BARLEY FLOUR), BUTTER, CANE SUGAR, BROWN CANE SUGAR, EGGS, BAKING SODA, SALT, AND VANILLA EXTRACT,,,,,,,,,,,,,,,,,,,,,,,,,,,,,,,,,,,,,,,,,,,,,,,,,,,,,,,,,,,,,,,,,,,,,,,,,,,,,,,,,,,,,,,,,,,,,,
46158,Stock Inventory     ,7.20E+11,Figgy Pops Tart Cherry Fig OG ,4 2 oz              ,"FIGGY POP,OG2,CH CHERRY",1,SHELF STABLE NUTS & TRAIL MIX ,SS TRAIL MIX                  ,Made in Nature                ,Packaged Grocery              ,5 59,4/17/19 0:00,10/5/19 11:43,"ORGANIC FRUIT PASTE BLEND (ORGANIC DRIED SWEET CHERRIES [ORGANIC CHERRIES, ORGANIC SUNFLOWER OIL], ORGANIC DRIED DATE, ORGANIC DRIED FIG, ORGANIC DRIED PEAR)",ORGANIC FRUIT PASTE BLEND (ORGANIC DRIED SWEET CHERRIES [ORGANIC CHERRIES, ORGANIC SUNFLOWER OIL], ORGANIC DRIED DATE, ORGANIC DRIED FIG, ORGANIC DRIED PEAR),,,,,,,,,,,,,,,,,,,,,,,,,,,,,,,,,,,,,,,,,,,,,,,,,,,,,,,,,,,,,,,,,,,,,,,,,,,,,,,,,,,,,,,,,,,,,,,,,,,,,,,,,,,,,,
46157,Stock Inventory     ,7.20E+11,Figgy Pops Mangoberry OG      ,4 2 oz              ,FiggyPops Mangobry              ,1,SHELF STABLE NUTS & TRAIL MIX ,SS TRAIL MIX                  ,Made in Nature                ,Packaged Grocery              ,5 59,5/31/18 0:00,12/14/18 17:16,"ORGANIC APRICOTS, ORGANIC DATES, ORGANIC MANGOES, ORGANIC PEPITA SEEDS, ORGANIC GOLDENBERRIES, ORGANIC GLUTEN-FREE OATS, ORGANIC SULTANA RAISINS (ORGANIC SULTANA RAISINS, ORGANIC SUNFLOWER OIL), ORGANIC FIGS, ORGANIC COCONUT OIL, ORGANIC SUNFLOWER SEEDS, ORGANIC COCONUT, ORGANIC CINNAMON, SEA SALT, ORGANIC GINGER, ORGANIC NUTMEG, ORGANIC CARDAMOM ",ORGANIC APRICOTS, ORGANIC DATES, ORGANIC MANGOES, ORGANIC PEPITA SEEDS, ORGANIC GOLDENBERRIES, ORGANIC GLUTEN-FREE OATS, ORGANIC SULTANA RAISINS (ORGANIC SULTANA RAISINS, ORGANIC SUNFLOWER OIL), ORGANIC FIGS, ORGANIC COCONUT OIL, ORGANIC SUNFLOWER SEEDS, ORGANIC COCONUT, ORGANIC CINNAMON, SEA SALT, ORGANIC GINGER, ORGANIC NUTMEG, ORGANIC CARDAMOM ,,,,,,,,,,,,,,,,,,,,,,,,,,,,,,,,,,,,,,,,,,,,,,,,,,,,,,,,,,,,,,,,,,,,,,,,,,,,,,,,,,,,,,,,,,,,,,,,,,
46156,Stock Inventory     ,7.20E+11,Figgy Pops Cranberry Pistach OG,4 2 oz ,MIN FiggyPops Cran Pstc 4 2OZ,1,SHELF STABLE NUTS & TRAIL MIX ,SS TRAIL MIX                  ,Made in Nature                ,Packaged Grocery              ,5 79,10/10/22 0:00,5/13/23 18:55,"ORGANIC FRUIT PASTE BLEND (ORGANIC DRIED DATES, ORGANIC DRIED FIGS, ORGANIC DRIED PEAR)",ORGANIC FRUIT PASTE BLEND (ORGANIC DRIED DATES, ORGANIC DRIED FIGS, ORGANIC DRIED PEAR),,,,,,,,,,,,,,,,,,,,,,,,,,,,,,,,,,,,,,,,,,,,,,,,,,,,,,,,,,,,,,,,,,,,,,,,,,,,,,,,,,,,,,,,,,,,,,,,,,,,,,,,,,,,,,,,
46155,Stock Inventory     ,7.20E+11,Organic Figgy Pops Choco Crunch,4 2 oz ,MIN FiggyPops Chc Crnch 4 2OZ,0,SHELF STABLE NUTS & TRAIL MIX ,SS TRAIL MIX                  ,Made in Nature                ,Packaged Grocery              ,5 99,1/30/25 0:00,2/4/25 13:00,"ORGANIC FRUIT PASTE BLEND (ORGANIC DRIED DATE, ORGANIC DRIED FIG, ORGANIC DRIED PEAR)",ORGANIC FRUIT PASTE BLEND (ORGANIC DRIED DATE, ORGANIC DRIED FIG, ORGANIC DRIED PEAR),,,,,,,,,,,,,,,,,,,,,,,,,,,,,,,,,,,,,,,,,,,,,,,,,,,,,,,,,,,,,,,,,,,,,,,,,,,,,,,,,,,,,,,,,,,,,,,,,,,,,,,,,,,,,,,,
46153,Stock Inventory     ,42608125822,Concentrate Cranberry OG      ,12 5 fl oz ,LAK Conc Cranberry 12 5FZ,0,SHELF STABLE JUICES           ,SS JUICE CONCENTRATES         ,Lakewood                      ,Packaged Grocery              ,13 59,1/23/25 0:00,2/6/25 18:33,ORGANIC CRANBERRY JUICE CONCENTRATE ,ORGANIC CRANBERRY JUICE CONCENTRATE ,,,,,,,,,,,,,,,,,,,,,,,,,,,,,,,,,,,,,,,,,,,,,,,,,,,,,,,,,,,,,,,,,,,,,,,,,,,,,,,,,,,,,,,,,,,,,,,,,,,,,,,,,,,,,,,,,,
46152,Stock Inventory     ,42608125808,Concentrate Black Cherry OG   ,12 5 fl oz ,LAK Conc Black Cherry 12 5FZ,1,SHELF STABLE JUICES           ,SS JUICE CONCENTRATES         ,Lakewood                      ,Packaged Grocery              ,9 89,2/9/22 0:00,3/18/22 18:51,ORGANIC BLACK (DARK SWEET) CHERRY JUICE CONCENTRATE ,ORGANIC BLACK (DARK SWEET) CHERRY JUICE CONCENTRATE ,,,,,,,,,,,,,,,,,,,,,,,,,,,,,,,,,,,,,,,,,,,,,,,,,,,,,,,,,,,,,,,,,,,,,,,,,,,,,,,,,,,,,,,,,,,,,,,,,,,,,,,,,,,,,,,,,,
46095,Stock Inventory     ,7.33E+11,Spray Disinfectant Lavander Vanilla,13 9 oz ,SG Spray Disinft Lavdr 13 9OZ,0,HOUSEHOLD CLEANERS & SUPPLIES ,HOUSEHOLD CLEANERS            ,Seventh Generation            ,Packaged Grocery              ,8 49,11/21/22 0:00,2/4/24 15:31,ACTIVE INGREDIENT: THYMOL (PRESENT AS A COMPONENT OF THYME OIL): 0 05% OTHER INGREDIENTS: 99 95% TOTAL: 100 00% OTHER INGREDIENTS: WATER,ACTIVE INGREDIENT: THYMOL (PRESENT AS A COMPONENT OF THYME OIL): 0 05% OTHER INGREDIENTS: 99 95% TOTAL: 100 00% OTHER INGREDIENTS: WATER,,,,,,,,,,,,,,,,,,,,,,,,,,,,,,,,,,,,,,,,,,,,,,,,,,,,,,,,,,,,,,,,,,,,,,,,,,,,,,,,,,,,,,,,,,,,,,,,,,,,,,,,,,,,,,,,,,
46094,Stock Inventory     ,7.33E+11,Spray Disinfectant Fresh Citrus,13 9 oz ,SG Spray Disinft Citrs 13 9OZ,0,HOUSEHOLD CLEANERS & SUPPLIES ,HOUSEHOLD CLEANERS            ,Seventh Generation            ,Packaged Grocery              ,8 49,4/4/24 0:00,1/19/25 11:19,ACTIVE INGREDIENT: THYMOL (PRESENT AS A COMPONENT OF THYME OIL): 0 05% OTHER INGREDIENTS: 99 95% TOTAL: 100 00% OTHER INGREDIENTS: WATER,ACTIVE INGREDIENT: THYMOL (PRESENT AS A COMPONENT OF THYME OIL): 0 05% OTHER INGREDIENTS: 99 95% TOTAL: 100 00% OTHER INGREDIENTS: WATER,,,,,,,,,,,,,,,,,,,,,,,,,,,,,,,,,,,,,,,,,,,,,,,,,,,,,,,,,,,,,,,,,,,,,,,,,,,,,,,,,,,,,,,,,,,,,,,,,,,,,,,,,,,,,,,,,,
46093,Stock Inventory     ,7.33E+11,Spray Disinfectant Eucalyptus ,13 9 oz ,SG Spray Disinft Eucal 13 9OZ,0,HOUSEHOLD CLEANERS & SUPPLIES ,HOUSEHOLD CLEANERS            ,Seventh Generation            ,Packaged Grocery              ,8 49,10/9/24 0:00,2/9/25 15:07,,,,,,,,,,,,,,,,,,,,,,,,,,,,,,,,,,,,,,,,,,,,,,,,,,,,,,,,,,,,,,,,,,,,,,,,,,,,,,,,,,,,,,,,,,,,,,,,,,,,,,,,,,,,,,,,,,,,
46078,Stock Inventory     ,68055688406,Cracker 7 Grain OG            ,5 29 oz             ,Cracker 7 Grain                 ,1,SHELF STABLE CRACKERS & CRISPB,SS CRACKERS CLASSIC & DELI    ,Dare                          ,Packaged Grocery              ,3 49,4/16/18 0:00,6/4/18 17:55,"ORGANIC ENRICHED FLOUR (ORGANIC WHEAT FLOUR, NIACIN, REDUCED IRON, THIAMINE MONONITRATE, RIBOFLAVIN, FOLIC ACID), ORGANIC WHOLE WHEAT FLOUR, ORGANIC SUNFLOWER OIL, ORGANIC COCONUT OIL, ORGANIC SUGAR, ORGANIC FLAX SEEDS, SEA SALT, ORGANIC OATS, LEAVENING (AMMONIUM BICARBONATE, BAKING SODA), ORGANIC WHEAT BRAN, ORGANIC SKIM MILK, ORGANIC CRACKED WHEAT, ORGANIC SUNFLOWER SEEDS, ORGANIC MILLET, ORGANIC SESAME SEEDS, NATURAL FLAVOR, ORGANIC ROSEMARY EXTRACT, TOCOPHEROL TO PROTECT FLAVOR, ENZYMES ",ORGANIC ENRICHED FLOUR (ORGANIC WHEAT FLOUR, NIACIN, REDUCED IRON, THIAMINE MONONITRATE, RIBOFLAVIN, FOLIC ACID), ORGANIC WHOLE WHEAT FLOUR, ORGANIC SUNFLOWER OIL, ORGANIC COCONUT OIL, ORGANIC SUGAR, ORGANIC FLAX SEEDS, SEA SALT, ORGANIC OATS, LEAVENING (AMMONIUM BICARBONATE, BAKING SODA), ORGANIC WHEAT BRAN, ORGANIC SKIM MILK, ORGANIC CRACKED WHEAT, ORGANIC SUNFLOWER SEEDS, ORGANIC MILLET, ORGANIC SESAME SEEDS, NATURAL FLAVOR, ORGANIC ROSEMARY EXTRACT, TOCOPHEROL TO PROTECT FLAVOR, ENZYMES ,,,,,,,,,,,,,,,,,,,,,,,,,,,,,,,,,,,,,,,,,,,,,,,,,,,,,,,,,,,,,,,,,,,,,,,,,,,,,,,,,,,,,,,,,,
46072,Stock Inventory     ,7.59E+11,Mac & Cheese Crazy Bugs OG    ,6 oz                ,Mac&Chse Crazy Bugs             ,1,SHELF STABLE ENTREES & MIXES  ,SS MACARONI & CHEESE          ,Back To Nature                ,Packaged Grocery              ,3 39,4/4/18 0:00,9/22/18 16:11,"ORGANIC PASTA (ORGANIC WHEAT]); ORGANIC CHEDDAR CHEESE SAUCE MIX (ORGANIC SKIM MILK, ORGANIC BUTTER MILK  ORGANIC CHEDDAR CHEESE [CULTURED PASTEURIZED ORGANIC MILK, SALT, ENZYMES (NON-ANIMAL)], ORGANIC MALTODEXTRIN, SALT, ORGANIC CORNSTARCH, CULTURED ORGANIC MILK, ORGANIC ANNATTO [COLOR]) ",ORGANIC PASTA (ORGANIC WHEAT]); ORGANIC CHEDDAR CHEESE SAUCE MIX (ORGANIC SKIM MILK, ORGANIC BUTTER MILK  ORGANIC CHEDDAR CHEESE [CULTURED PASTEURIZED ORGANIC MILK, SALT, ENZYMES (NON-ANIMAL)], ORGANIC MALTODEXTRIN, SALT, ORGANIC CORNSTARCH, CULTURED ORGANIC MILK, ORGANIC ANNATTO [COLOR]) ,,,,,,,,,,,,,,,,,,,,,,,,,,,,,,,,,,,,,,,,,,,,,,,,,,,,,,,,,,,,,,,,,,,,,,,,,,,,,,,,,,,,,,,,,,,,,,,,,,,,,,,,,,
45956,Stock Inventory     ,70227600048,Matzo Whole Wheat Passover    ,11 oz ,STR Matzo WhWheat Pass 11OZ,0,SHELF STABLE CRACKERS & CRISPB,SS CRISPBREADS & TOASTS       ,Streit's                      ,Packaged Grocery              ,4 39,1/29/25 0:00,6/15/24 10:24,"PASSOVER WHOLE WHEAT FLOUR, WATER ",PASSOVER WHOLE WHEAT FLOUR, WATER ,,,,,,,,,,,,,,,,,,,,,,,,,,,,,,,,,,,,,,,,,,,,,,,,,,,,,,,,,,,,,,,,,,,,,,,,,,,,,,,,,,,,,,,,,,,,,,,,,,,,,,,,,,,,,,,,,
46039,Stock Inventory     ,8.56E+11,Bar Thai                      ,1 9 oz              ,Bar Thai                        ,1,SHELF STABLE WELLNESS BARS & G,SS BARS WELLNESS              ,Chapul                        ,Packaged Grocery              ,2 99,2/5/18 0:00,2/24/18 17:49,,,,,,,,,,,,,,,,,,,,,,,,,,,,,,,,,,,,,,,,,,,,,,,,,,,,,,,,,,,,,,,,,,,,,,,,,,,,,,,,,,,,,,,,,,,,,,,,,,,,,,,,,,,,,,,,,,,,
45904,Stock Inventory     ,8.52E+11,Potato Crisps BBQ             ,5 6 oz              ,Potato Crisps BBQ               ,1,SHELF STABLE CHIPS PRETZELS SN,SS POTATO CHIPS               ,The Good Crisp Company        ,Packaged Grocery              ,3 89,1/27/20 0:00,5/16/20 11:49,"DRIED POTATOES, PALM OIL (VITAMIN E), TAPIOCA STARCH, BARBEQUE FLAVOR (SUGAR, SALT, TAPIOCA STARCH, HVP, YEAST EXTRACT, SODIUM TRIPOLYPHOSPHATE, CARRAGEENAN, SPICES & HERBS (PEPPER, GARLIC, ONION, CLOVE, ALLSPICE), BBQ SEASONING, NATURAL CARAMEL COLOR, PAPRIKA OLEORESIN, SMOKE FLAVOUR, VITAMIN E), (CONTAINS SOY AND MILK), SALT, SUGAR, WHITE PEPPER ",DRIED POTATOES, PALM OIL (VITAMIN E), TAPIOCA STARCH, BARBEQUE FLAVOR (SUGAR, SALT, TAPIOCA STARCH, HVP, YEAST EXTRACT, SODIUM TRIPOLYPHOSPHATE, CARRAGEENAN, SPICES & HERBS (PEPPER, GARLIC, ONION, CLOVE, ALLSPICE), BBQ SEASONING, NATURAL CARAMEL COLOR, PAPRIKA OLEORESIN, SMOKE FLAVOUR, VITAMIN E), (CONTAINS SOY AND MILK), SALT, SUGAR, WHITE PEPPER ,,,,,,,,,,,,,,,,,,,,,,,,,,,,,,,,,,,,,,,,,,,,,,,,,,,,,,,,,,,,,,,,,,,,,,,,,,,,,,,,,,,,,,,,,,,
46038,Stock Inventory     ,8.56E+11,Bar Chaco                     ,1 9 oz              ,Bar Chaco                       ,1,SHELF STABLE WELLNESS BARS & G,SS BARS WELLNESS              ,Chapul                        ,Packaged Grocery              ,2 99,2/5/18 0:00,2/24/18 15:56,,,,,,,,,,,,,,,,,,,,,,,,,,,,,,,,,,,,,,,,,,,,,,,,,,,,,,,,,,,,,,,,,,,,,,,,,,,,,,,,,,,,,,,,,,,,,,,,,,,,,,,,,,,,,,,,,,,,
46037,Stock Inventory     ,8.56E+11,Bar Aztec                     ,1 9 oz              ,Bar Aztec                       ,1,SHELF STABLE WELLNESS BARS & G,SS BARS WELLNESS              ,Chapul                        ,Packaged Grocery              ,2 99,2/5/18 0:00,2/23/18 16:44,,,,,,,,,,,,,,,,,,,,,,,,,,,,,,,,,,,,,,,,,,,,,,,,,,,,,,,,,,,,,,,,,,,,,,,,,,,,,,,,,,,,,,,,,,,,,,,,,,,,,,,,,,,,,,,,,,,,
45909,Stock Inventory     ,8.50E+11,Chickpea Puff Sriracha        ,4 oz                ,Chckpea Pf Sriracha             ,1,SHELF STABLE CHIPS PRETZELS SN,SS PUFFED SNACKS              ,Hippeas                       ,Packaged Grocery              ,3 79,1/15/18 0:00,3/21/18 14:48,"ORGANIC CHICKPEA FLOUR, ORGANIC RICE FLOUR, ORGANIC SUNFLOWER OIL, ORGANIC TAPIOCA STARCH, ORGANIC SEASONING [SUGAR*, SALT, RED PEPPER*, VINEGAR POWDER (MALTODEXTRIN*, VINEGAR*), GARLIC POWDER*, JALAPENO PEPPER*, PAPRIKA EXTRACT (COLOR), NATURAL FLAVOR, YEAST EXTRACT*], ORGANIC PEA HULL FIBER ",ORGANIC CHICKPEA FLOUR, ORGANIC RICE FLOUR, ORGANIC SUNFLOWER OIL, ORGANIC TAPIOCA STARCH, ORGANIC SEASONING [SUGAR*, SALT, RED PEPPER*, VINEGAR POWDER (MALTODEXTRIN*, VINEGAR*), GARLIC POWDER*, JALAPENO PEPPER*, PAPRIKA EXTRACT (COLOR), NATURAL FLAVOR, YEAST EXTRACT*], ORGANIC PEA HULL FIBER ,,,,,,,,,,,,,,,,,,,,,,,,,,,,,,,,,,,,,,,,,,,,,,,,,,,,,,,,,,,,,,,,,,,,,,,,,,,,,,,,,,,,,,,,,,,,,,,,,,,,
46040,Stock Inventory     ,8.56E+11,Bar Matcha                    ,1 9 oz              ,Bar Matcha                      ,1,SHELF STABLE WELLNESS BARS & G,SS BARS WELLNESS              ,Chapul                        ,Packaged Grocery              ,2 99,2/5/18 0:00,2/18/18 14:59,,,,,,,,,,,,,,,,,,,,,,,,,,,,,,,,,,,,,,,,,,,,,,,,,,,,,,,,,,,,,,,,,,,,,,,,,,,,,,,,,,,,,,,,,,,,,,,,,,,,,,,,,,,,,,,,,,,,
46019,Stock Inventory     ,8.55E+11,Cereal Maple Crunch GF        ,10 6 oz             ,Cereal Maple Crunch             ,1,SHELF STABLE COLD CEREALS     ,SS CEREAL COLD ADULT & FAMILY ,Freedom Foods                 ,Packaged Grocery              ,5 59,5/30/18 0:00,9/22/18 17:05,"FLOUR MIX (RICE FLOUR, WHOLE GRAIN SORGHUM FLOUR[21%],YELLOW CORN FLOUR), CANE SUGAR, PSYLLIUM HUSK, MAPLE SYRUP (2%), CONTAINS 2% OR LESS OF LOW ERUCIC ACID RAPESSEED OIL, SALT, CALCIUM PHOSPHATE, SUNFLOWER LECITHIN, NATURAL FLAVORS ",FLOUR MIX (RICE FLOUR, WHOLE GRAIN SORGHUM FLOUR[21%],YELLOW CORN FLOUR), CANE SUGAR, PSYLLIUM HUSK, MAPLE SYRUP (2%), CONTAINS 2% OR LESS OF LOW ERUCIC ACID RAPESSEED OIL, SALT, CALCIUM PHOSPHATE, SUNFLOWER LECITHIN, NATURAL FLAVORS ,,,,,,,,,,,,,,,,,,,,,,,,,,,,,,,,,,,,,,,,,,,,,,,,,,,,,,,,,,,,,,,,,,,,,,,,,,,,,,,,,,,,,,,,,,,,,,,,,,,,,,,,
46018,Stock Inventory     ,8.55E+11,Cereal Crunch Pro-Teen GF     ,10 6 oz             ,Cereal Crunch ProTn             ,1,SHELF STABLE COLD CEREALS     ,SS CEREAL COLD ADULT & FAMILY ,Freedom Foods                 ,Packaged Grocery              ,4 19,9/24/18 0:00,2/13/19 16:12,"FLOUR MIX (CHICKPEA FLOUR, RICE FLOUR, YELLOW CORN FLOUR), CANE SUGAR, PSYLLIUM HUSK, LOW ERUCIC ACID RAPESEED OIL, CONTAINS 2% OR LESS OF SALT, CALCIUM PHOSPHATE, RICE BRAN EXTRACT, NATURAL FLAVORS ",FLOUR MIX (CHICKPEA FLOUR, RICE FLOUR, YELLOW CORN FLOUR), CANE SUGAR, PSYLLIUM HUSK, LOW ERUCIC ACID RAPESEED OIL, CONTAINS 2% OR LESS OF SALT, CALCIUM PHOSPHATE, RICE BRAN EXTRACT, NATURAL FLAVORS ,,,,,,,,,,,,,,,,,,,,,,,,,,,,,,,,,,,,,,,,,,,,,,,,,,,,,,,,,,,,,,,,,,,,,,,,,,,,,,,,,,,,,,,,,,,,,,,,,,,,,,,,,
46017,Stock Inventory     ,8.55E+11,Cereal Cocoa Crunch GF        ,10 oz               ,Cereal Cocoa Crunch             ,1,SHELF STABLE COLD CEREALS     ,SS CEREAL COLD ADULT & FAMILY ,Freedom Foods                 ,Packaged Grocery              ,5 49,2/1/18 0:00,4/15/18 11:39,"GLUTEN FREE FLOUR MIX (RICE, NON-GMO CORN, AND WHOLEGRAIN SORGHUM FLOUR MIX), CANE SUGAR, CHOCOLATE SYRUP (NON-GMO CORN SYRUP, COCOA POWDER, CANE SUGAR), PSYLLIUM, COCOA POWDER, SALT, PALM OIL (AS EMULSIFIER), NATURAL CHOCOLATE FLAVOR, VITAMINS (NIACIN, THIAMINE, FOLIC ACID) ",GLUTEN FREE FLOUR MIX (RICE, NON-GMO CORN, AND WHOLEGRAIN SORGHUM FLOUR MIX), CANE SUGAR, CHOCOLATE SYRUP (NON-GMO CORN SYRUP, COCOA POWDER, CANE SUGAR), PSYLLIUM, COCOA POWDER, SALT, PALM OIL (AS EMULSIFIER), NATURAL CHOCOLATE FLAVOR, VITAMINS (NIACIN, THIAMINE, FOLIC ACID) ,,,,,,,,,,,,,,,,,,,,,,,,,,,,,,,,,,,,,,,,,,,,,,,,,,,,,,,,,,,,,,,,,,,,,,,,,,,,,,,,,,,,,,,,,,,,,,,,,,,,
45947,Stock Inventory     ,8.12E+11,Water Coconut Sparkling       ,12 fl oz            ,Water Cconut Sprklg             ,1,SHELF STABLE JUICES           ,SS COCONUT WATER              ,Coco Libre                    ,Packaged Grocery              ,2 19,5/16/18 0:00,8/10/18 8:09,"ORGANIC COCONUT WATER FROM CONCENTRATE, CARBONATED PURIFIED WATER, ORGANIC LEMON JUICE, ORGANIC FLAVOR, NATURAL FLAVORS ",ORGANIC COCONUT WATER FROM CONCENTRATE, CARBONATED PURIFIED WATER, ORGANIC LEMON JUICE, ORGANIC FLAVOR, NATURAL FLAVORS ,,,,,,,,,,,,,,,,,,,,,,,,,,,,,,,,,,,,,,,,,,,,,,,,,,,,,,,,,,,,,,,,,,,,,,,,,,,,,,,,,,,,,,,,,,,,,,,,,,,,,,,,,,,,,,
45946,Stock Inventory     ,8.12E+11,Water Coconut Spark Grapefruit,12 fl oz            ,Wtr Ccnt Sprk Grpft             ,1,SHELF STABLE JUICES           ,SS COCONUT WATER              ,Coco Libre                    ,Packaged Grocery              ,2 19,1/22/18 0:00,7/2/18 15:39,"ORGANIC COCONUT WATER FROM CONCENTRATE, CARBONATED PURIFIED WATER, ORGANIC GRAPEFRUIT JUICE, NATURAL FLAVORS ",ORGANIC COCONUT WATER FROM CONCENTRATE, CARBONATED PURIFIED WATER, ORGANIC GRAPEFRUIT JUICE, NATURAL FLAVORS ,,,,,,,,,,,,,,,,,,,,,,,,,,,,,,,,,,,,,,,,,,,,,,,,,,,,,,,,,,,,,,,,,,,,,,,,,,,,,,,,,,,,,,,,,,,,,,,,,,,,,,,,,,,,,,,
46022,Stock Inventory     ,7.30E+11,Oats Steel Cut Quick OG       ,24 oz ,NP Oats Steel Cut Qck 24OZ,1,SHELF STABLE HOT CEREALS      ,SS CEREAL HOT INSTANT         ,Nature's Path                 ,Packaged Grocery              ,5 29,8/30/21 0:00,9/25/21 16:40,WHOLE GRAIN STEEL CUT OAT* ,WHOLE GRAIN STEEL CUT OAT* ,,,,,,,,,,,,,,,,,,,,,,,,,,,,,,,,,,,,,,,,,,,,,,,,,,,,,,,,,,,,,,,,,,,,,,,,,,,,,,,,,,,,,,,,,,,,,,,,,,,,,,,,,,,,,,,,,,
46020,Stock Inventory     ,8.55E+11,Cereal Tropic O's GF          ,10 oz               ,Cereal Tropic Os                ,1,SHELF STABLE COLD CEREALS     ,SS CEREAL COLD KIDS           ,Freedom Foods                 ,Packaged Grocery              ,5 59,2/1/18 0:00,5/13/18 9:58,"FLOURMIX (RICE FLOUR, SORGHUM FLOUR, YELLOW CORN FLOUR), SUGAR, PSYLLUIM HUSK, CHICKPEA FIBER, PAPRIKA OLEORESIN COLOR, CARROT OIL COLOR, SWEET POTATO COLOR, TURMERIC OLEORESIN COLOR, TRICALCIUM PHOSPHATE, SUNFLOWER LECITHIN, SALT, NATURAL FLAVOR ",FLOURMIX (RICE FLOUR, SORGHUM FLOUR, YELLOW CORN FLOUR), SUGAR, PSYLLUIM HUSK, CHICKPEA FIBER, PAPRIKA OLEORESIN COLOR, CARROT OIL COLOR, SWEET POTATO COLOR, TURMERIC OLEORESIN COLOR, TRICALCIUM PHOSPHATE, SUNFLOWER LECITHIN, SALT, NATURAL FLAVOR ,,,,,,,,,,,,,,,,,,,,,,,,,,,,,,,,,,,,,,,,,,,,,,,,,,,,,,,,,,,,,,,,,,,,,,,,,,,,,,,,,,,,,,,,,,,,,,,,,,,,,
46025,Stock Inventory     ,71537020830,Seltzer Cranberry Clementine,33 8 fl oz ,PS Seltzer Cranb Clem 33 8FZ,0,SHELF STABLE WATER            ,SS WATER SPARKLING FLAVORED   ,Polar Seltzer                 ,Packaged Grocery              ,1 29,1/9/25 0:00,2/7/25 15:29,,,,,,,,,,,,,,,,,,,,,,,,,,,,,,,,,,,,,,,,,,,,,,,,,,,,,,,,,,,,,,,,,,,,,,,,,,,,,,,,,,,,,,,,,,,,,,,,,,,,,,,,,,,,,,,,,,,,
45903,Stock Inventory     ,8.52E+11,Potato Chips Sour Cream Onion ,5 6 oz ,TGC Ptto Chps SrCrm Oni 5 6OZ,0,SHELF STABLE CHIPS PRETZELS SN,SS POTATO CHIPS               ,The Good Crisp Company        ,Packaged Grocery              ,3 99,2/6/25 0:00,2/11/25 16:24,DRIED POTATO FLAKES,DRIED POTATO FLAKES,,,,,,,,,,,,,,,,,,,,,,,,,,,,,,,,,,,,,,,,,,,,,,,,,,,,,,,,,,,,,,,,,,,,,,,,,,,,,,,,,,,,,,,,,,,,,,,,,,,,,,,,,,,,,,,,,,
46003,Stock Inventory     ,58449181019,Cereal Choc Peanut Butter OG  ,10 oz               ,Cerl Choc PB                    ,1,SHELF STABLE COLD CEREALS     ,SS CEREAL COLD ADULT & FAMILY ,Nature's Path                 ,Packaged Grocery              ,6 29,5/15/19 18:18,2/10/20 21:00,"Corn meal*, whole grain rolled oats*, cane sugar*, whole wheat meal*, peanut butter*, fair trade dark chocolate chunks* (cane sugar*, unsweetened chocolate*, cocoa butter*, vanilla*), molasses*, sunflower oil*, fair trade cocoa powder*, oat bran*, barley malt extract*, wheat bran*, flavors* (chocolate*, vanilla*), sea salt, rice starch*, honey*, tocopherols (vitamin e)  *",Corn meal*, whole grain rolled oats*, cane sugar*, whole wheat meal*, peanut butter*, fair trade dark chocolate chunks* (cane sugar*, unsweetened chocolate*, cocoa butter*, vanilla*), molasses*, sunflower oil*, fair trade cocoa powder*, oat bran*, barley malt extract*, wheat bran*, flavors* (chocolate*, vanilla*), sea salt, rice starch*, honey*, tocopherols (vitamin e)  *,,,,,,,,,,,,,,,,,,,,,,,,,,,,,,,,,,,,,,,,,,,,,,,,,,,,,,,,,,,,,,,,,,,,,,,,,,,,,,,,,,,,,,,,,,,,,,
45955,Stock Inventory     ,41244105335,Juice Apple Sparkling OG      ,10 fl oz            ,"JUCIE,OG2,APPLE,SPARKLIN",1,SHELF STABLE SODA & CARBONATED,SS CELEBRATION BEVERAGES      ,Martinelli's                  ,Packaged Grocery              ,2 29,1/23/18 22:32,3/13/18 19:40,"PASTEURIZED 100% PURE CARBONATED APPLE JUICE FROM U S  GROWN FRESH ORGANIC APPLES, VITAMIN C ",PASTEURIZED 100% PURE CARBONATED APPLE JUICE FROM U S  GROWN FRESH ORGANIC APPLES, VITAMIN C ,,,,,,,,,,,,,,,,,,,,,,,,,,,,,,,,,,,,,,,,,,,,,,,,,,,,,,,,,,,,,,,,,,,,,,,,,,,,,,,,,,,,,,,,,,,,,,,,,,,,,,,,,,,,,,,,,
45954,Stock Inventory     ,72700002073,Matzo Spelt OG                ,10 oz               ,Matzo Spelt                     ,1,SHELF STABLE CRACKERS & CRISPB,SS CRISPBREADS & TOASTS       ,Manischewitz                  ,Packaged Grocery              ,7 29,1/23/18 22:32,3/31/18 16:44,"ORGANIC UNBLEACHED, UNBROMATED PASSOVER *SPELT FLOUR, AND WATER ",ORGANIC UNBLEACHED, UNBROMATED PASSOVER *SPELT FLOUR, AND WATER ,,,,,,,,,,,,,,,,,,,,,,,,,,,,,,,,,,,,,,,,,,,,,,,,,,,,,,,,,,,,,,,,,,,,,,,,,,,,,,,,,,,,,,,,,,,,,,,,,,,,,,,,,,,,,,,,
45953,Stock Inventory     ,72700104272,Egg Noodle Wide Gold GF       ,12 oz               ,"EGG NOODLE,WIDE,GLD,GF",1,SHELF STABLE PASTA            ,SS PASTA SHORT                ,Manischewitz                  ,Packaged Grocery              ,6 99,2/4/19 0:00,5/7/19 14:51,"TAPIOCA STARCH, POTATO FLAKES, POTATO STARCH, PASTEURIZED EGG WHITE, SPICES (TURMERIC, PAPRIKA) ",TAPIOCA STARCH, POTATO FLAKES, POTATO STARCH, PASTEURIZED EGG WHITE, SPICES (TURMERIC, PAPRIKA) ,,,,,,,,,,,,,,,,,,,,,,,,,,,,,,,,,,,,,,,,,,,,,,,,,,,,,,,,,,,,,,,,,,,,,,,,,,,,,,,,,,,,,,,,,,,,,,,,,,,,,,,,,,,,,
45952,Stock Inventory     ,72700102766,Borscht Reduced Sodium        ,24 fl oz            ,Borscht LS                      ,1,SHELF STABLE SOUP             ,SS SOUP RTE                   ,Manischewitz                  ,Packaged Grocery              ,3 69,1/23/18 22:32,4/16/18 10:32,"WATER, BEETS, SUGAR, BEETROOT POWDER, CITRIC ACID ",WATER, BEETS, SUGAR, BEETROOT POWDER, CITRIC ACID ,,,,,,,,,,,,,,,,,,,,,,,,,,,,,,,,,,,,,,,,,,,,,,,,,,,,,,,,,,,,,,,,,,,,,,,,,,,,,,,,,,,,,,,,,,,,,,,,,,,,,,,,,,,,,,
45896,Stock Inventory     ,6.64E+11,Snack Rounds Muesli Pita      ,12 7 oz             ,Snack Rnds Muesli               ,1,BREAD & BAKED GOODS           ,BAGELS & ENGLISH MUFFINS      ,Ozerys                        ,Packaged Grocery              ,3 99,8/8/18 0:00,9/5/18 20:00,"UNBLEACHED WHEAT FLOUR [WHEAT FLOUR, ASCORBIC ACID (NATURAL DOUGH CONDITIONER), NIACIN [VITAMIN B-3], IRON [FERROUS SULPHATE], THIAMIN MONONITRATE [VITAMIN B-1], RIBOFLAVIN [VITAMIN B-2], FOLIC ACID], FILTERED WATER, ANTI-OXIDANT CONTAINING RAISINS (RAISINS, VEGETABLE OIL), ORGANIC EVAPORATED CANE SUGAR, FLAX SEEDS, MULTIGRAIN MIX (CRACKED WHEAT, CRACKED RYE, CRUSHED FLAX SEEDS, MILLET MEAL, CRACKED TRITICALE, BARLEY GRITS, SUNFLOWER SEEDS, ROLLED OATS, DURUM SEMOLINA), SUNFLOWER SEEDS, WHEAT BRAN, ROLLED OATS, SULFATE FREE APPLES, YEAST, SUNFLOWER OIL, SEA SALT, CULTURED WHEAT STARCH, CITRIC ACID, AMYLASE (ENZYME) ",UNBLEACHED WHEAT FLOUR [WHEAT FLOUR, ASCORBIC ACID (NATURAL DOUGH CONDITIONER), NIACIN [VITAMIN B-3], IRON [FERROUS SULPHATE], THIAMIN MONONITRATE [VITAMIN B-1], RIBOFLAVIN [VITAMIN B-2], FOLIC ACID], FILTERED WATER, ANTI-OXIDANT CONTAINING RAISINS (RAISINS, VEGETABLE OIL), ORGANIC EVAPORATED CANE SUGAR, FLAX SEEDS, MULTIGRAIN MIX (CRACKED WHEAT, CRACKED RYE, CRUSHED FLAX SEEDS, MILLET MEAL, CRACKED TRITICALE, BARLEY GRITS, SUNFLOWER SEEDS, ROLLED OATS, DURUM SEMOLINA), SUNFLOWER SEEDS, WHEAT BRAN, ROLLED OATS, SULFATE FREE APPLES, YEAST, SUNFLOWER OIL, SEA SALT, CULTURED WHEAT STARCH, CITRIC ACID, AMYLASE (ENZYME) ,,,,,,,,,,,,,,,,,,,,,,,,,,,,,,,,,,,,,,,,,,,,,,,,,,,,,,,,,,,,,,,,,,,,,,,,,,,,,,,,,,,,
45895,Stock Inventory     ,6.64E+11,Snack Rounds Cran Orange Pita ,12 7 oz             ,Snack Rnds Crn Org              ,1,BREAD & BAKED GOODS           ,BAGELS & ENGLISH MUFFINS      ,Ozerys                        ,Packaged Grocery              ,3 99,8/29/18 0:00,9/15/18 19:16,"UNBLEACHED WHEAT FLOUR [WHEAT FLOUR, ASCORBIC ACID (NATURAL DOUGH CONDITIONER), NIACIN [VITAMIN B-3], IRON [FERROUS SULPHATE], THIAMIN MONONITRATE [VITAMIN B-1], RIBOFLAVIN [VITAMIN B-2], FOLIC ACID], FILTERED WATER, WHOLE GRAIN WHEAT FLOUR INCLUDING GERM, ANTI-OXIDANT CONTAINING CRANBERRIES (CRANBERRIES, SUGAR, SUNFLOWER OIL), ORGANIC EVAPORATED CANE SUGAR, ORANGE PUREE (CONCENTRATED ORANGE JUICE, WATER, CONCENTRATED TANGERINE JUICE, ORANGE PULP CELLS, GROUND ORANGES AND ORANGE OIL), SOUR DOUGH (ORGANIC UNBLEACHED FLOUR [WHEAT FLOUR, ASCORBIC ACID (NATURAL DOUGH CONDITIONER), NIACIN [VITAMIN B-3], IRON [FERROUS SULPHATE], THIAMIN MONONITRATE [VITAMIN B-1], RIBOFLAVIN [VITAMIN B-2], FOLIC ACID], FILTERED WATER, ORGANIC EVAPORATED CANE SUGAR, SEA SALT, YEAST, SUNFLOWER OIL) CRUSHED ORANGES, YEAST, SEA SALT, SUNFLOWER OIL, CULTURED WHEAT STARCH, CITRIC ACID, AMYLASE (ENZYME) ",UNBLEACHED WHEAT FLOUR [WHEAT FLOUR, ASCORBIC ACID (NATURAL DOUGH CONDITIONER), NIACIN [VITAMIN B-3], IRON [FERROUS SULPHATE], THIAMIN MONONITRATE [VITAMIN B-1], RIBOFLAVIN [VITAMIN B-2], FOLIC ACID], FILTERED WATER, WHOLE GRAIN WHEAT FLOUR INCLUDING GERM, ANTI-OXIDANT CONTAINING CRANBERRIES (CRANBERRIES, SUGAR, SUNFLOWER OIL), ORGANIC EVAPORATED CANE SUGAR, ORANGE PUREE (CONCENTRATED ORANGE JUICE, WATER, CONCENTRATED TANGERINE JUICE, ORANGE PULP CELLS, GROUND ORANGES AND ORANGE OIL), SOUR DOUGH (ORGANIC UNBLEACHED FLOUR [WHEAT FLOUR, ASCORBIC ACID (NATURAL DOUGH CONDITIONER), NIACIN [VITAMIN B-3], IRON [FERROUS SULPHATE], THIAMIN MONONITRATE [VITAMIN B-1], RIBOFLAVIN [VITAMIN B-2], FOLIC ACID], FILTERED WATER, ORGANIC EVAPORATED CANE SUGAR, SEA SALT, YEAST, SUNFLOWER OIL) CRUSHED ORANGES, YEAST, SEA SALT, SUNFLOWER OIL, CULTURED WHEAT STARCH, CITRIC ACID, AMYLASE (ENZYME) ,,,,,,,,,,,,,,,,,,,,,,,,,,,,,,,,,,,,,,,,,,,,,,,,,,,,,,,,,,,,,,,,,,,,,,,,,,,,,,,
45894,Stock Inventory     ,6.64E+11,Snack Rounds Apple Cin Pita   ,12 7 oz             ,Snack Rnds Appl Cin             ,1,BREAD & BAKED GOODS           ,BAGELS & ENGLISH MUFFINS      ,Ozerys                        ,Packaged Grocery              ,3 99,8/27/18 0:00,9/19/18 13:50,"UNBLEACHED WHEAT FLOUR [WHEAT FLOUR, ASCORBIC, ASCORBIC ACID (NATURAL DOUGH CONDITIONER), NIACIN [VITAMIN B-3], IRON [FERROUS SULFATE], THIAMIN MONONITRATE [VITAMIN B-2], FOLIC ACID], FILTERED WATER, WHOLEGRAIN WHEAT FLOUR INCLUDING GERM, SULFATE FREE APPLES, ANTI-OXIDANT CONTAINING RAISINS (RAINS, VEGETABLE OIL), ORGANIC EVAPORATED CANE SUGAR, SOUR DOUGH (ORGANIC UNBLEACHED FLOUR [WHEAT FLOUR, ASCORBIC ACID (NATURAL DOUGH CONDITIONER), NIACIN [VITAMIN B-3], IRON [FERROUS SULFITE], THIAMIN MONONITRATE [VITAMIN B-1], RIBOFLAVIN [VIATMIN B-2], FOLIC ACID], FILTERED WATER, ORGANIC EVAPORATED CANE SUGAR, YEAST, SEA SALT, SUNFLOWER OIL), YEAST, SEA SALT, SUNFLOWER OIL, ANTI-OXIDANT CONTAINING GROUND CINNAMON, CULTURED WHEAT STARCH, CITRCI ACID, AMYLASE (ENZYME) ",UNBLEACHED WHEAT FLOUR [WHEAT FLOUR, ASCORBIC, ASCORBIC ACID (NATURAL DOUGH CONDITIONER), NIACIN [VITAMIN B-3], IRON [FERROUS SULFATE], THIAMIN MONONITRATE [VITAMIN B-2], FOLIC ACID], FILTERED WATER, WHOLEGRAIN WHEAT FLOUR INCLUDING GERM, SULFATE FREE APPLES, ANTI-OXIDANT CONTAINING RAISINS (RAINS, VEGETABLE OIL), ORGANIC EVAPORATED CANE SUGAR, SOUR DOUGH (ORGANIC UNBLEACHED FLOUR [WHEAT FLOUR, ASCORBIC ACID (NATURAL DOUGH CONDITIONER), NIACIN [VITAMIN B-3], IRON [FERROUS SULFITE], THIAMIN MONONITRATE [VITAMIN B-1], RIBOFLAVIN [VIATMIN B-2], FOLIC ACID], FILTERED WATER, ORGANIC EVAPORATED CANE SUGAR, YEAST, SEA SALT, SUNFLOWER OIL), YEAST, SEA SALT, SUNFLOWER OIL, ANTI-OXIDANT CONTAINING GROUND CINNAMON, CULTURED WHEAT STARCH, CITRCI ACID, AMYLASE (ENZYME) ,,,,,,,,,,,,,,,,,,,,,,,,,,,,,,,,,,,,,,,,,,,,,,,,,,,,,,,,,,,,,,,,,,,,,,,,,,,,,,,,,,,
45845,Stock Inventory     ,77652082227,Tea Herbal Peppermint         ,20 ct ,"TEA,HERBAL,PEPPERMINT",1,SHELF STABLE TEA              ,SS TEA BAGS HERBAL            ,Stash                         ,Packaged Grocery              ,3 19,1/3/18 0:00,1/27/18 14:33,Oregon peppermint leaves ,Oregon peppermint leaves ,,,,,,,,,,,,,,,,,,,,,,,,,,,,,,,,,,,,,,,,,,,,,,,,,,,,,,,,,,,,,,,,,,,,,,,,,,,,,,,,,,,,,,,,,,,,,,,,,,,,,,,,,,,,,,,,,,
45844,Stock Inventory     ,77652082494,Tea Herbal Lemon Ginger       ,20 ct ,"TEA,HERBAL,LEMON GINGER",1,SHELF STABLE TEA              ,SS TEA BAGS HERBAL            ,Stash                         ,Packaged Grocery              ,3 19,1/3/18 0:00,1/18/18 9:42,"Ingredients: Ginger root, lemongrass, safflower, hibiscus, citric acid, and
natural lemon and ginger flavor ",Ingredients: Ginger root, lemongrass, safflower, hibiscus, citric acid, and,,,,,,,,,,,,,,,,,,,,,,,,,,,,,,,,,,,,,,,,,,,,,,,,,,,,,,,,,,,,,,,,,,,,,,,,,,,,,,,,,,,,,,,,,,,,,,,,,,,,,,,,,,,,,
45843,Stock Inventory     ,77652082524,Tea Green Chai Green          ,20 ct ,"TEA,GREEN,CHAI",1,SHELF STABLE TEA              ,SS TEA BAGS CHAI              ,Stash                         ,Packaged Grocery              ,3 19,1/3/18 0:00,1/28/18 14:10,GREEN TEA,GREEN TEA,,,,,,,,,,,,,,,,,,,,,,,,,,,,,,,,,,,,,,,,,,,,,,,,,,,,,,,,,,,,,,,,,,,,,,,,,,,,,,,,,,,,,,,,,,,,,,,,,,,,,,,,,,,,,,,,,,
45842,Stock Inventory     ,77652082548,Tea Black Chai Spice          ,20 ct ,"TEA,BLACK,CHAI SPICE",1,SHELF STABLE TEA              ,SS TEA BAGS CHAI              ,Stash                         ,Packaged Grocery              ,3 19,1/3/18 0:00,1/26/18 17:13,"100% NATURAL INGREDIENTS: Blended black tea, ginger root, cinnamon, cinnamon
flavor, clove bud oil, allspice, clove, nutmeg, and cardamom oil ",100% NATURAL INGREDIENTS: Blended black tea, ginger root, cinnamon, cinnamon,,,,,,,,,,,,,,,,,,,,,,,,,,,,,,,,,,,,,,,,,,,,,,,,,,,,,,,,,,,,,,,,,,,,,,,,,,,,,,,,,,,,,,,,,,,,,,,,,,,,,,,,,,,,,,,
45841,Stock Inventory     ,7.16E+11,Organic Dark Chocolate Bar,3 2 oz ,CHO Bar Choc Dark 3 2OZ,0,SHELF STABLE CANDY            ,SS CANDY CHOCOLATE            ,Chocolove                     ,Packaged Grocery              ,4 49,11/14/24 0:00,2/8/25 16:46,"FAIR TRADE CERTIFIEDa,,C/ ORGANIC COCOA LIQUOR",FAIR TRADE CERTIFIEDa,,C/ ORGANIC COCOA LIQUOR,,,,,,,,,,,,,,,,,,,,,,,,,,,,,,,,,,,,,,,,,,,,,,,,,,,,,,,,,,,,,,,,,,,,,,,,,,,,,,,,,,,,,,,,,,,,,,,,,,,,,,,,,,,,,,,,
45840,Stock Inventory     ,7.16E+11,Milk Chocolate Pretzel Bar,2 9 oz ,CHO Bar Choc Pretzel Mk 2 9OZ,0,SHELF STABLE CANDY            ,SS CANDY CHOCOLATE            ,Chocolove                     ,Packaged Grocery              ,4 49,2/6/25 0:00,2/8/25 19:15,"MILK CHOCOLATE (SUGAR, COCOA BUTTER*, MILK, COCOA LIQUOR*, SOY LECITHIN, VANILLA)",MILK CHOCOLATE (SUGAR, COCOA BUTTER*, MILK, COCOA LIQUOR*, SOY LECITHIN, VANILLA),,,,,,,,,,,,,,,,,,,,,,,,,,,,,,,,,,,,,,,,,,,,,,,,,,,,,,,,,,,,,,,,,,,,,,,,,,,,,,,,,,,,,,,,,,,,,,,,,,,,,,,,,,,,,
45777,Stock Inventory     ,6.07E+11,Crackers Crispy Multi-Grain   ,8 3 oz              ,Crckrs Crspy MltGrn             ,1,SHELF STABLE CRACKERS & CRISPB,SS CRACKERS CLASSIC & DELI    ,Milton's Craft Bakers         ,Packaged Grocery              ,4 29,10/7/20 0:00,11/3/20 9:09,"ENRICHED FLOUR (WHEAT FLOUR, NIACIN, REDUCED IRON, THIAMIN MONONITRATE, RIBOFLAVIN, FOLIC ACID) SUNFLOWER OIL",ENRICHED FLOUR (WHEAT FLOUR, NIACIN, REDUCED IRON, THIAMIN MONONITRATE, RIBOFLAVIN, FOLIC ACID) SUNFLOWER OIL,,,,,,,,,,,,,,,,,,,,,,,,,,,,,,,,,,,,,,,,,,,,,,,,,,,,,,,,,,,,,,,,,,,,,,,,,,,,,,,,,,,,,,,,,,,,,,,,,,,,,,,,,,,,,
45776,Stock Inventory     ,6.07E+11,Crackers Crispy Sea Salt      ,6 7 oz              ,Crackrs Crispy Salt             ,1,SHELF STABLE CRACKERS & CRISPB,SS CRACKERS CLASSIC & DELI    ,Milton's Craft Bakers         ,Packaged Grocery              ,3 99,12/9/17 2:06,3/5/18 17:57,"ENRICHED WHEAT FLOUR (WHEAT FLOUR, NIACIN, REDUCED IRON, THIAMINE MONONITRATE, RIBOFLAVIN, FOLIC ACID)",ENRICHED WHEAT FLOUR (WHEAT FLOUR, NIACIN, REDUCED IRON, THIAMINE MONONITRATE, RIBOFLAVIN, FOLIC ACID),,,,,,,,,,,,,,,,,,,,,,,,,,,,,,,,,,,,,,,,,,,,,,,,,,,,,,,,,,,,,,,,,,,,,,,,,,,,,,,,,,,,,,,,,,,,,,,,,,,,,,,,,,,,,
45775,Stock Inventory     ,7.09E+11,Bar Chocolate Pure Dark 70%   ,3 17 oz             ,Bar Choc Dark 70%               ,1,SHELF STABLE CANDY            ,SS CANDY CHOCOLATE            ,Green & Black                 ,Packaged Grocery              ,4 39,12/9/17 2:06,7/17/18 17:50,,,,,,,,,,,,,,,,,,,,,,,,,,,,,,,,,,,,,,,,,,,,,,,,,,,,,,,,,,,,,,,,,,,,,,,,,,,,,,,,,,,,,,,,,,,,,,,,,,,,,,,,,,,,,,,,,,,,
45572,Stock Inventory     ,8.95E+11,Bruschetta SunDried Tomato    ,11 oz               ,Bruschta SnDrd Tmt              ,1,SHELF STABLE SALSAS & DIPS    ,SS DIPS                       ,Vino de Milo                  ,Packaged Grocery              ,5 39,11/7/17 0:00,1/5/19 11:45,,,,,,,,,,,,,,,,,,,,,,,,,,,,,,,,,,,,,,,,,,,,,,,,,,,,,,,,,,,,,,,,,,,,,,,,,,,,,,,,,,,,,,,,,,,,,,,,,,,,,,,,,,,,,,,,,,,,
45648,Stock Inventory     ,6.55E+11,Crispy Onion                  ,4 oz ,LO Crispy Onion 4OZ,0,SHELF STABLE FRUITS & VEGETABL,SS VEGETABLES                 ,Lars Own                      ,Packaged Grocery              ,4 49,11/14/24 0:00,2/10/25 16:02,"ONIONS, VEGETABLE OIL (CANOLA, PALM), WHEAT FLOUR, SALT ",ONIONS, VEGETABLE OIL (CANOLA, PALM), WHEAT FLOUR, SALT ,,,,,,,,,,,,,,,,,,,,,,,,,,,,,,,,,,,,,,,,,,,,,,,,,,,,,,,,,,,,,,,,,,,,,,,,,,,,,,,,,,,,,,,,,,,,,,,,,,,,,,,,,,,,,,
45655,Stock Inventory     ,6.89E+11,Sauce Pasta Pesto Pink        ,19 8 oz             ,Sauce Pesto Pink                ,1,SHELF STABLE PASTA & PIZZA SAU,SS PASTA SAUCE                ,Scarpetta                     ,Packaged Grocery              ,7 39,11/16/17 0:15,9/25/18 19:47,"TOMATO, HEAVY CREAM (CREAM), ONION, SUNFLOWER OIL, EXTRA VIRGIN OLIVE OIL, BASIL, SALT, PINE NUTS, BLACK PEPPER, CITRIC ACID",TOMATO, HEAVY CREAM (CREAM), ONION, SUNFLOWER OIL, EXTRA VIRGIN OLIVE OIL, BASIL, SALT, PINE NUTS, BLACK PEPPER, CITRIC ACID,,,,,,,,,,,,,,,,,,,,,,,,,,,,,,,,,,,,,,,,,,,,,,,,,,,,,,,,,,,,,,,,,,,,,,,,,,,,,,,,,,,,,,,,,,,,,,,,,,,,,,,,,
45654,Stock Inventory     ,6.89E+11,Sauce Pasta Tuscan Vodka      ,19 8 oz             ,Sauce Tscn Vdka                 ,1,SHELF STABLE PASTA & PIZZA SAU,SS PASTA SAUCE                ,Scarpetta                     ,Packaged Grocery              ,7 39,4/23/18 0:00,10/3/18 17:59,"TOMATO, HEAVY CREAM (CREAM), ONION, SUNFLOWER OIL, EXTRA VIRGIN OLIVE OIL, BASIL, SALT, CITRIC ACID, BLACK PEPPER",TOMATO, HEAVY CREAM (CREAM), ONION, SUNFLOWER OIL, EXTRA VIRGIN OLIVE OIL, BASIL, SALT, CITRIC ACID, BLACK PEPPER,,,,,,,,,,,,,,,,,,,,,,,,,,,,,,,,,,,,,,,,,,,,,,,,,,,,,,,,,,,,,,,,,,,,,,,,,,,,,,,,,,,,,,,,,,,,,,,,,,,,,,,,,,
45659,Stock Inventory     ,22506238619,Spray Oil Butter It Up Vegan  ,5 fl oz             ,Spry Oil Btr It Up              ,1,SHELF STABLE OILS & VINEGARS  ,SS CULINARY OIL SPRAY & MIST  ,Spectrum                      ,Packaged Grocery              ,6 19,11/16/17 0:15,1/30/19 14:16,"MECHANICALLY (EXPELLER) PRESSED REFINED CANOLA OIL AND SUNFLOWER OIL, NATURAL FLAVOR (NON-DAIRY), ANNATTO EXTRACT FOR COLOR ",MECHANICALLY (EXPELLER) PRESSED REFINED CANOLA OIL AND SUNFLOWER OIL, NATURAL FLAVOR (NON-DAIRY), ANNATTO EXTRACT FOR COLOR ,,,,,,,,,,,,,,,,,,,,,,,,,,,,,,,,,,,,,,,,,,,,,,,,,,,,,,,,,,,,,,,,,,,,,,,,,,,,,,,,,,,,,,,,,,,,,,,,,,,,,,,,,,,,,,,,
45582,Stock Inventory     ,8.74E+11,Organic 85% Pure Dark Chocolate Bar,3 oz ,TC Choc Bar Dark 85% 3OZ,0,SHELF STABLE CANDY            ,SS CANDY CHOCOLATE            ,Theo Chocolate                ,Packaged Grocery              ,4 49,9/11/24 0:00,2/10/25 13:49,"COCOA BEANS*+, CANE SUGAR*+, COCOA BUTTER*+, GROUND VANILLA BEAN* ",COCOA BEANS*+, CANE SUGAR*+, COCOA BUTTER*+, GROUND VANILLA BEAN* ,,,,,,,,,,,,,,,,,,,,,,,,,,,,,,,,,,,,,,,,,,,,,,,,,,,,,,,,,,,,,,,,,,,,,,,,,,,,,,,,,,,,,,,,,,,,,,,,,,,,,,,,,,,,,,,
45658,Stock Inventory     ,8.61E+11,Dip Almond Dark Choc Raspberry,3 5 oz              ,Dip Almd DkChc Rasp             ,1,SHELF STABLE CANDY            ,SS CANDY CHOCOLATE            ,Skinny Dipped Almonds         ,Packaged Grocery              ,5 29,4/18/18 0:00,6/12/18 8:10,ALMONDS,ALMONDS,,,,,,,,,,,,,,,,,,,,,,,,,,,,,,,,,,,,,,,,,,,,,,,,,,,,,,,,,,,,,,,,,,,,,,,,,,,,,,,,,,,,,,,,,,,,,,,,,,,,,,,,,,,,,,,,,,
45657,Stock Inventory     ,8.61E+11,Dip Almond Dark Choc Espresso ,3 5 oz              ,Dip Almd DkChc Espr             ,1,SHELF STABLE CANDY            ,SS CANDY CHOCOLATE            ,Skinny Dipped Almonds         ,Packaged Grocery              ,5 29,3/26/18 0:00,6/3/18 16:58,ALMONDS,ALMONDS,,,,,,,,,,,,,,,,,,,,,,,,,,,,,,,,,,,,,,,,,,,,,,,,,,,,,,,,,,,,,,,,,,,,,,,,,,,,,,,,,,,,,,,,,,,,,,,,,,,,,,,,,,,,,,,,,,
45656,Stock Inventory     ,8.61E+11,Dip Almond Dark Choc Cocoa    ,3 5 oz              ,"DIP ALM,DRK CHOC,COCOA",1,SHELF STABLE CANDY            ,SS CANDY CHOCOLATE            ,Skinny Dipped Almonds         ,Packaged Grocery              ,5 29,3/12/18 0:00,5/28/18 12:47,"Almonds, Dark Chocolate (Unsweetened Chocolate Processed With Alkali, Cane Sugar, Cocoa Butter, Milk Fat, Sunflower Lecithin, Vanilla), Organic Maple Sugar, Sea Salt, Cocoa Powder ",Almonds, Dark Chocolate (Unsweetened Chocolate Processed With Alkali, Cane Sugar, Cocoa Butter, Milk Fat, Sunflower Lecithin, Vanilla), Organic Maple Sugar, Sea Salt, Cocoa Powder ,,,,,,,,,,,,,,,,,,,,,,,,,,,,,,,,,,,,,,,,,,,,,,,,,,,,,,,,,,,,,,,,,,,,,,,,,,,,,,,,,,,,,,,,,,,,,,,,,,,,,,,,,
45473,Stock Inventory     ,42400197560,Oats Old Fashioned OG         ,16 oz               ,"CEREAL,OG2,OLD FASHIONED",1,SHELF STABLE HOT CEREALS      ,SS CEREAL HOT NON INSTANT     ,Better Oats                   ,Packaged Grocery              ,3 39,3/7/18 0:00,5/13/18 16:43,ORGANIC WHOLE GRAIN ROLLED OATS ,ORGANIC WHOLE GRAIN ROLLED OATS ,,,,,,,,,,,,,,,,,,,,,,,,,,,,,,,,,,,,,,,,,,,,,,,,,,,,,,,,,,,,,,,,,,,,,,,,,,,,,,,,,,,,,,,,,,,,,,,,,,,,,,,,,,,,,,,,,,
45454,Stock Inventory     ,61232201078,Crackers Oat OG               ,8 8 oz ,NAI Crackers Oat OG 8 8OZ,1,SHELF STABLE CRACKERS & CRISPB,SS CRACKERS CLASSIC & DELI    ,Nairns                        ,Packaged Grocery              ,4 39,9/20/21 0:00,10/16/21 15:55,ORGANIC WHOLE GRAIN OATS (84%),ORGANIC WHOLE GRAIN OATS (84%),,,,,,,,,,,,,,,,,,,,,,,,,,,,,,,,,,,,,,,,,,,,,,,,,,,,,,,,,,,,,,,,,,,,,,,,,,,,,,,,,,,,,,,,,,,,,,,,,,,,,,,,,,,,,,,,,,
45453,Stock Inventory     ,8.48E+11,Crispbread Quinoa OG          ,4 4 oz              ,"CRISPBREAD,OG2,QUINOA",1,SHELF STABLE CRACKERS & CRISPB,SS CRISPBREADS & TOASTS       ,Le Pain des Fleurs            ,Packaged Grocery              ,5 49,7/26/18 0:00,9/19/18 11:11,ORGANIC RICE FLOUR,ORGANIC RICE FLOUR,,,,,,,,,,,,,,,,,,,,,,,,,,,,,,,,,,,,,,,,,,,,,,,,,,,,,,,,,,,,,,,,,,,,,,,,,,,,,,,,,,,,,,,,,,,,,,,,,,,,,,,,,,,,,,,,,,
45452,Stock Inventory     ,8.48E+11,Crispbread Chesnut OG         ,4 4 oz ,LPD Crispbread Chesnut 4 4OZ,0,SHELF STABLE CRACKERS & CRISPB,SS CRISPBREADS & TOASTS       ,Le Pain des Fleurs            ,Packaged Grocery              ,6 99,2/6/25 0:00,2/5/25 12:24,ORGANIC WHITE RICE FLOUR,ORGANIC WHITE RICE FLOUR,,,,,,,,,,,,,,,,,,,,,,,,,,,,,,,,,,,,,,,,,,,,,,,,,,,,,,,,,,,,,,,,,,,,,,,,,,,,,,,,,,,,,,,,,,,,,,,,,,,,,,,,,,,,,,,,,,
45478,Stock Inventory     ,42400209683,Instant Multigrain Maple Sugar,11 6 oz             ,"HOT CERL,OG2,MPL&BRN SGR",1,SHELF STABLE HOT CEREALS      ,SS CEREAL HOT INSTANT         ,Better Oats                   ,Packaged Grocery              ,5 19,10/25/17 22:00,4/7/18 16:25,ORGANIC WHOLE GRAIN ROLLED OATS,ORGANIC WHOLE GRAIN ROLLED OATS,,,,,,,,,,,,,,,,,,,,,,,,,,,,,,,,,,,,,,,,,,,,,,,,,,,,,,,,,,,,,,,,,,,,,,,,,,,,,,,,,,,,,,,,,,,,,,,,,,,,,,,,,,,,,,,,,,
45476,Stock Inventory     ,42400201939,Instant Multigrain Bare       ,11 8 oz             ,"HOT CERL,OG2,BARE",1,SHELF STABLE HOT CEREALS      ,SS CEREAL HOT INSTANT         ,Better Oats                   ,Packaged Grocery              ,5 19,10/25/17 22:00,8/25/18 18:13,ORGANIC WHOLE GRAIN ROLLED OATS,ORGANIC WHOLE GRAIN ROLLED OATS,,,,,,,,,,,,,,,,,,,,,,,,,,,,,,,,,,,,,,,,,,,,,,,,,,,,,,,,,,,,,,,,,,,,,,,,,,,,,,,,,,,,,,,,,,,,,,,,,,,,,,,,,,,,,,,,,,
45481,Stock Inventory     ,8.19E+11,Popcorn BoomChickaPop Cheddar ,4 5 oz ,ANG Popcorn Cheddar 4 5OZ,1,SHELF STABLE CHIPS PRETZELS SN,SS POPCORN                    ,Angie's                       ,Packaged Grocery              ,3 89,7/8/21 0:00,7/24/21 13:16,"POPCORN, SUNFLOWER OIL, CHEESE SEASONING (WHEY, CHEDDAR CHEESE (PASTEURIZED MILK, SALT, CHEESE CULTURES, ENZYMES), BUTTERMILK, SALT, CULTURED WHOLE MILK, NONFAT DRY MILK, PAPRIKA EXTRACT, LACTIC ACID, NATURAL FLAVOR)",POPCORN, SUNFLOWER OIL, CHEESE SEASONING (WHEY, CHEDDAR CHEESE (PASTEURIZED MILK, SALT, CHEESE CULTURES, ENZYMES), BUTTERMILK, SALT, CULTURED WHOLE MILK, NONFAT DRY MILK, PAPRIKA EXTRACT, LACTIC ACID, NATURAL FLAVOR),,,,,,,,,,,,,,,,,,,,,,,,,,,,,,,,,,,,,,,,,,,,,,,,,,,,,,,,,,,,,,,,,,,,,,,,,,,,,,,,,,,,,,,,,,,,,,,,,,,,,
45480,Stock Inventory     ,8.19E+11,Real Butter Popcorn,4 4 oz ,ANG Popcorn Real Butter 4 4OZ,0,SHELF STABLE CHIPS PRETZELS SN,SS POPCORN                    ,Angie's                       ,Packaged Grocery              ,4 59,1/22/25 0:00,2/11/25 14:48,"POPCORN, CLARIFIED BUTTER, SUNFLOWER OIL, SEA SALT",POPCORN, CLARIFIED BUTTER, SUNFLOWER OIL, SEA SALT,,,,,,,,,,,,,,,,,,,,,,,,,,,,,,,,,,,,,,,,,,,,,,,,,,,,,,,,,,,,,,,,,,,,,,,,,,,,,,,,,,,,,,,,,,,,,,,,,,,,,,,,,,,,,,,
45487,Stock Inventory     ,8.58E+11,Chickpea Roasted Dark Choc    ,3 15 oz             ,Chickp Rstd DrkChc              ,1,SHELF STABLE CANDY            ,SS CANDY CHOCOLATE            ,Biena                         ,Packaged Grocery              ,4 59,10/21/18 0:00,12/24/18 13:37,"CHICKPEAS, FAIR TRADE CERTIFIED DARK CHOCOLATE (UNSWEETENED CHOCOLATE, SUGAR, COCOA BUTTER, SOY LECITHIN, VANILLA EXTRACT), SUNFLOWER OIL SEA SALT ",CHICKPEAS, FAIR TRADE CERTIFIED DARK CHOCOLATE (UNSWEETENED CHOCOLATE, SUGAR, COCOA BUTTER, SOY LECITHIN, VANILLA EXTRACT), SUNFLOWER OIL SEA SALT ,,,,,,,,,,,,,,,,,,,,,,,,,,,,,,,,,,,,,,,,,,,,,,,,,,,,,,,,,,,,,,,,,,,,,,,,,,,,,,,,,,,,,,,,,,,,,,,,,,,,,,,,,,,,
45486,Stock Inventory     ,8.31E+11,Water Sparkling               ,25 4 fl oz ,Water Sparkling                 ,1,SHELF STABLE WATER            ,SS WATER SPARKLING            ,Llanllyr Source               ,Packaged Grocery              ,2 49,2/17/18 2:13,6/19/18 15:59,,,,,,,,,,,,,,,,,,,,,,,,,,,,,,,,,,,,,,,,,,,,,,,,,,,,,,,,,,,,,,,,,,,,,,,,,,,,,,,,,,,,,,,,,,,,,,,,,,,,,,,,,,,,,,,,,,,,
45566,Stock Inventory     ,43182002059,Condensed Sweetened Coconut Milk,7 4 fl oz ,LDO Ccnut Milk Swt Cdn 7 4FZ,0,SHELF STABLE BAKING MIX & INGR,SS BAKING INGREDIENTS         ,Lets Do Organic               ,Packaged Grocery              ,4 59,1/9/25 0:00,2/2/25 16:33,"ORGANIC COCONUT MILK, ORGANIC CANE SUGAR ",ORGANIC COCONUT MILK, ORGANIC CANE SUGAR ,,,,,,,,,,,,,,,,,,,,,,,,,,,,,,,,,,,,,,,,,,,,,,,,,,,,,,,,,,,,,,,,,,,,,,,,,,,,,,,,,,,,,,,,,,,,,,,,,,,,,,,,,,,,,,,,,
45467,Stock Inventory     ,8.58E+11,Chickpea Snacks Rockin' Ranch ,1 2 oz ,Chckp Snck RcknRnch             ,1,SHELF STABLE CHIPS PRETZELS SN,SS SNACKS OTHER               ,Biena                         ,Packaged Grocery              ,1 79,7/16/18 0:00,10/4/18 18:48,,,,,,,,,,,,,,,,,,,,,,,,,,,,,,,,,,,,,,,,,,,,,,,,,,,,,,,,,,,,,,,,,,,,,,,,,,,,,,,,,,,,,,,,,,,,,,,,,,,,,,,,,,,,,,,,,,,,
45491,Stock Inventory     ,8.58E+11,Chickpea Snacks Sea Salt      ,5 oz                ,"CHICKPEA SNKS,SEA SALT",1,SHELF STABLE CHIPS PRETZELS SN,SS SNACKS OTHER               ,Biena                         ,Packaged Grocery              ,4 69,5/3/18 0:00,8/21/18 20:37,"Chickpeas, Sunflower Oil, Sea Salt",Chickpeas, Sunflower Oil, Sea Salt,,,,,,,,,,,,,,,,,,,,,,,,,,,,,,,,,,,,,,,,,,,,,,,,,,,,,,,,,,,,,,,,,,,,,,,,,,,,,,,,,,,,,,,,,,,,,,,,,,,,,,,,,,,,,,,,
45490,Stock Inventory     ,8.58E+11,Chickpea Snacks Rockin' Ranch ,5 oz                ,"CHICKPEA SNKS,RANCH",1,SHELF STABLE CHIPS PRETZELS SN,SS SNACKS OTHER               ,Biena                         ,Packaged Grocery              ,4 69,5/31/18 0:00,10/18/18 8:10,"Chickpeas, Sunflower Oil, Ranch Seasoning (Salt, Sugar, Tomato Powder, Garlic Powder, Onion Powder, Gum Arabic, Yeast Extract, Spices, Natural Flavors Mustard, Dehydrated Parsley, Malic Acid, Lactic Acid*, Citric Acid, Sunflower Oil)",Chickpeas, Sunflower Oil, Ranch Seasoning (Salt, Sugar, Tomato Powder, Garlic Powder, Onion Powder, Gum Arabic, Yeast Extract, Spices, Natural Flavors Mustard, Dehydrated Parsley, Malic Acid, Lactic Acid*, Citric Acid, Sunflower Oil),,,,,,,,,,,,,,,,,,,,,,,,,,,,,,,,,,,,,,,,,,,,,,,,,,,,,,,,,,,,,,,,,,,,,,,,,,,,,,,,,,,,,,,,,,,,,,,,,,,
45471,Stock Inventory     ,1.82E+11,Macrobar Peanut Buttr ChocChip, 9 oz ,"BAR,OG2,PNT BTR,CHOC CHI",1,SHELF STABLE WELLNESS BARS & G,SS BARS WELLNESS              ,GoMacro                       ,Packaged Grocery              ,1 19,7/14/21 0:00,7/27/21 19:54,"ORGANIC BROWN RICE SYRUP, ORGANIC PEANUT BUTTER, ORGANIC PROTEIN BLEND (ORGANIC SPROUTED BROWN RICE PROTEIN, ORGANIC PEA PROTEIN), ORGANIC CHOCOLATE CHIPS (ORGANIC COCONUT SUGAR, ORGANIC COCOA, ORGANIC COCOA BUTTER), ORGANIC PUFFED BROWN RICE, ORGANIC PEANUTS ",ORGANIC BROWN RICE SYRUP, ORGANIC PEANUT BUTTER, ORGANIC PROTEIN BLEND (ORGANIC SPROUTED BROWN RICE PROTEIN, ORGANIC PEA PROTEIN), ORGANIC CHOCOLATE CHIPS (ORGANIC COCONUT SUGAR, ORGANIC COCOA, ORGANIC COCOA BUTTER), ORGANIC PUFFED BROWN RICE, ORGANIC PEANUTS ,,,,,,,,,,,,,,,,,,,,,,,,,,,,,,,,,,,,,,,,,,,,,,,,,,,,,,,,,,,,,,,,,,,,,,,,,,,,,,,,,,,,,,,,,,,,,,,,,,,,,,,,,,
45489,Stock Inventory     ,8.58E+11,Chickpea Roasted Salt Caramel ,3 15 oz             ,Chickp Rstd SltCrml             ,1,SHELF STABLE CANDY            ,SS CANDY NON CHOCOLATE        ,Biena                         ,Packaged Grocery              ,4 69,5/21/18 0:00,8/14/18 18:16,"CHICKPEAS, SALTED CARAMEL FLAVORED COATING (SUGAR, PALM KERNEL OIL, NONFAT DRY MILK, MILK, COCOA POWDER, SOY LECITHIN, NATURAL FLAVOR, SALT, PAPRIKA EXTRACT), SUNFLOWER OIL SEA SALT, NATURAL FLAVOR ",CHICKPEAS, SALTED CARAMEL FLAVORED COATING (SUGAR, PALM KERNEL OIL, NONFAT DRY MILK, MILK, COCOA POWDER, SOY LECITHIN, NATURAL FLAVOR, SALT, PAPRIKA EXTRACT), SUNFLOWER OIL SEA SALT, NATURAL FLAVOR ,,,,,,,,,,,,,,,,,,,,,,,,,,,,,,,,,,,,,,,,,,,,,,,,,,,,,,,,,,,,,,,,,,,,,,,,,,,,,,,,,,,,,,,,,,,,,,,,,,,,,,,
45469,Stock Inventory     ,8.58E+11,Chickpea Snacks Honey Roasted ,1 2 oz              ,Chickp Snck HnyRstd             ,1,SHELF STABLE CHIPS PRETZELS SN,SS SNACKS OTHER               ,Biena                         ,Packaged Grocery              ,1 49,10/21/18 0:00,12/3/18 13:40,,,,,,,,,,,,,,,,,,,,,,,,,,,,,,,,,,,,,,,,,,,,,,,,,,,,,,,,,,,,,,,,,,,,,,,,,,,,,,,,,,,,,,,,,,,,,,,,,,,,,,,,,,,,,,,,,,,,
45495,Stock Inventory     ,8.15E+11,Bites Salmon AK Wild Spruce   ,2 oz                ,Bts SlmnAK WldSprce             ,1,SHELF STABLE JERKY & MEAT SNAC,SS MEAT SNACKS OTHER          ,Dear North                    ,Packaged Grocery              ,10 39,1/16/18 21:26,7/7/18 10:49,"WILD ALASKA COHO SALMON, PROPRIETARY BRINE BLEND (WATER, CANE SUGAR, SPRUCE TIPS, SEA SALT), SMOKE FROM A BLEND OF HARDWOODS ",WILD ALASKA COHO SALMON, PROPRIETARY BRINE BLEND (WATER, CANE SUGAR, SPRUCE TIPS, SEA SALT), SMOKE FROM A BLEND OF HARDWOODS ,,,,,,,,,,,,,,,,,,,,,,,,,,,,,,,,,,,,,,,,,,,,,,,,,,,,,,,,,,,,,,,,,,,,,,,,,,,,,,,,,,,,,,,,,,,,,,,,,,,,,,,,,,,,,
45468,Stock Inventory     ,8.58E+11,Chickpea Snacks Sea Salt      ,1 2 oz              ,"CHICKPEA,SEA SALT",1,SHELF STABLE CHIPS PRETZELS SN,SS SNACKS OTHER               ,Biena                         ,Packaged Grocery              ,1 79,5/3/18 0:00,7/3/18 17:32,"CHICKPEAS, EXPELLER PRESSED HIGH OLEIC SUNFLOWER OR SAFFLOWER OIL, SEA SALT",CHICKPEAS, EXPELLER PRESSED HIGH OLEIC SUNFLOWER OR SAFFLOWER OIL, SEA SALT,,,,,,,,,,,,,,,,,,,,,,,,,,,,,,,,,,,,,,,,,,,,,,,,,,,,,,,,,,,,,,,,,,,,,,,,,,,,,,,,,,,,,,,,,,,,,,,,,,,,,,,,,,,,,,,,
45494,Stock Inventory     ,8.15E+11,Bites Salmon AK Spicy Firewood,2 oz                ,Bts SlmnAK SpcyFrwd             ,1,SHELF STABLE JERKY & MEAT SNAC,SS MEAT SNACKS OTHER          ,Dear North                    ,Packaged Grocery              ,10 39,1/9/18 21:51,6/12/18 18:37,"WILD ALASKA COHO SALMON, RED PEPPER, PROPRIETARY BRINE BLEND: SAKE (SUGAR, WATER, SALT, YEAST EXTRACT), CANE SUGAR, FIREWEED HONEY, WATER, ORANGE FLAVEDO (ORANGE PEEL, SUGAR), TAMARI (WATER, SOYBEANS, SALT), JALAPENO, GARLIC; SMOKE FROM A BLEND OF HARDWOODS ",WILD ALASKA COHO SALMON, RED PEPPER, PROPRIETARY BRINE BLEND: SAKE (SUGAR, WATER, SALT, YEAST EXTRACT), CANE SUGAR, FIREWEED HONEY, WATER, ORANGE FLAVEDO (ORANGE PEEL, SUGAR), TAMARI (WATER, SOYBEANS, SALT), JALAPENO, GARLIC; SMOKE FROM A BLEND OF HARDWOODS ,,,,,,,,,,,,,,,,,,,,,,,,,,,,,,,,,,,,,,,,,,,,,,,,,,,,,,,,,,,,,,,,,,,,,,,,,,,,,,,,,,,,,,,,,,,,,,,,,,,
45571,Stock Inventory     ,8.95E+11,Bruschetta Artichoke Garlic   ,11 oz               ,Bruscta Artchk Grlc             ,1,SHELF STABLE SALSAS & DIPS    ,SS DIPS                       ,Vino de Milo                  ,Packaged Grocery              ,5 39,11/5/18 0:00,1/9/20 20:54,,,,,,,,,,,,,,,,,,,,,,,,,,,,,,,,,,,,,,,,,,,,,,,,,,,,,,,,,,,,,,,,,,,,,,,,,,,,,,,,,,,,,,,,,,,,,,,,,,,,,,,,,,,,,,,,,,,,
45496,Stock Inventory     ,7.83E+11,Coconut Vegetables Indian     ,10 oz               ,"ENTREE,COCONUT VEGETALES",1,SHELF STABLE ENTREES & MIXES  ,SS DINNER KITS & OTHER ENTREES,Tasty Bite                    ,Packaged Grocery              ,3 79,10/24/18 0:00,11/18/18 13:34,WATER,WATER,,,,,,,,,,,,,,,,,,,,,,,,,,,,,,,,,,,,,,,,,,,,,,,,,,,,,,,,,,,,,,,,,,,,,,,,,,,,,,,,,,,,,,,,,,,,,,,,,,,,,,,,,,,,,,,,,,
45450,Stock Inventory     ,70129430231,Melba Rounds Sesame           ,5 25 oz             ,Melba Rnds Sesame               ,1,SHELF STABLE CRACKERS & CRISPB,SS CRISPBREADS & TOASTS       ,Devonsheer                    ,Packaged Grocery              ,3 19,8/6/18 0:00,12/11/18 14:03,ORGANIC WHEAT FLOUR,ORGANIC WHEAT FLOUR,,,,,,,,,,,,,,,,,,,,,,,,,,,,,,,,,,,,,,,,,,,,,,,,,,,,,,,,,,,,,,,,,,,,,,,,,,,,,,,,,,,,,,,,,,,,,,,,,,,,,,,,,,,,,,,,,,
45449,Stock Inventory     ,70129410233,Melba Rounds Classic          ,5 25 oz             ,"MELBA ROUNDS,OG2,CLASSIC",1,SHELF STABLE CRACKERS & CRISPB,SS CRISPBREADS & TOASTS       ,Devonsheer                    ,Packaged Grocery              ,2 99,5/5/21 0:00,6/18/21 11:31,ORGANIC WHEAT FLOUR,ORGANIC WHEAT FLOUR,,,,,,,,,,,,,,,,,,,,,,,,,,,,,,,,,,,,,,,,,,,,,,,,,,,,,,,,,,,,,,,,,,,,,,,,,,,,,,,,,,,,,,,,,,,,,,,,,,,,,,,,,,,,,,,,,,
45475,Stock Inventory     ,42400197683,Oats Steel Cut OG             ,16 oz               ,Oats Steel Cut OG               ,1,SHELF STABLE HOT CEREALS      ,SS CEREAL HOT NON INSTANT     ,Better Oats                   ,Packaged Grocery              ,6 19,10/25/17 22:00,1/19/18 16:44,ORGANIC WHOLE GRAIN STEEL CUT OATS ,ORGANIC WHOLE GRAIN STEEL CUT OATS ,,,,,,,,,,,,,,,,,,,,,,,,,,,,,,,,,,,,,,,,,,,,,,,,,,,,,,,,,,,,,,,,,,,,,,,,,,,,,,,,,,,,,,,,,,,,,,,,,,,,,,,,,,,,,,,,,,
45448,Stock Inventory     ,59290573497,Crackers Whole Wheat          ,7 oz ,CAR Crackers Whole Wht 7OZ,1,SHELF STABLE CRACKERS & CRISPB,SS CRACKERS CLASSIC & DELI    ,Carr's                        ,Packaged Grocery              ,4 99,11/17/21 8:57,11/15/21 18:43,"WHOLE WHEAT FLOUR, PALM OIL, SUGAR, INVERT SUGAR SYRUP, LEAVING (SODIUM BICARBONATE, TARTARIC ACID), SALT ",WHOLE WHEAT FLOUR, PALM OIL, SUGAR, INVERT SUGAR SYRUP, LEAVING (SODIUM BICARBONATE, TARTARIC ACID), SALT ,,,,,,,,,,,,,,,,,,,,,,,,,,,,,,,,,,,,,,,,,,,,,,,,,,,,,,,,,,,,,,,,,,,,,,,,,,,,,,,,,,,,,,,,,,,,,,,,,,,,,,,,,,,,
45396,Stock Inventory     ,8.92E+11,Sauce Indian Goan Coconut     ,12 5 oz ,MK Sauce Goan Coconut 12 5OZ,0,SHELF STABLE CONDIMENTS & DRES,SS COOKING SAUCE & OTHER CONDI,Maya Kaimal                   ,Packaged Grocery              ,5 99,1/22/25 0:00,2/3/25 15:50,"WATER, ONION, COCONUT CREAM (EXTRACTED COCONUT, WATER), TOMATO PASTE (FRESH VINE-RIPENED TOMATOES), SAFFLOWER OIL, SPICES (INCLUDING PAPRIKA, TURMERIC), GARLIC, GINGER, ORGANIC APPLE CIDER VINEGAR, SEA SALT, TAMARIND FRUIT, ORGANIC TAPIOCA STARCH, SERRANO CHILI, BROWN MUSTARD SEEDS, CANE SUGAR, LEMON JUICE CONCENTRATE, CURRY LEAVES ",WATER, ONION, COCONUT CREAM (EXTRACTED COCONUT, WATER), TOMATO PASTE (FRESH VINE-RIPENED TOMATOES), SAFFLOWER OIL, SPICES (INCLUDING PAPRIKA, TURMERIC), GARLIC, GINGER, ORGANIC APPLE CIDER VINEGAR, SEA SALT, TAMARIND FRUIT, ORGANIC TAPIOCA STARCH, SERRANO CHILI, BROWN MUSTARD SEEDS, CANE SUGAR, LEMON JUICE CONCENTRATE, CURRY LEAVES ,,,,,,,,,,,,,,,,,,,,,,,,,,,,,,,,,,,,,,,,,,,,,,,,,,,,,,,,,,,,,,,,,,,,,,,,,,,,,,,,,,,,,,,,,,,,,,,,
45327,Stock Inventory     ,58449178002,Toaster Pastry Pumpkin Pie OG ,11 oz               ,"TSTR PASTRY,OG2,PUMPKIN",1,SHELF STABLE COOKIES & SNACK B,SS TOASTER PASTRIES           ,Nature's Path                 ,Packaged Grocery              ,4 89,12/19/17 19:56,11/1/18 9:15,"WHEAT FLOUR*, CANE SUGAR*, INVERT CANE SYRUP*, PALM OIL*, WHOLE WHEAT FLOUR*, PUMPKIN PUREE*, CORN STARCH*, RICE STARCH*, DEXTROSE*, SPICES* (CINNAMON*, NUTMEG*, GINGER*), LEAVENING (BAKING SODA, CREAM OF TARTAR), VITAL WHEAT GLUTEN*, SEA SALT, TAPIOCA STARCH*, NON-FAT DRIED MILK*, HONEY*, MOLASSES*, PUMPKIN PIE SPICE FLAVOR*, WHEY PROTEIN CONCENTRATE* (MILK), ALGIN, SODIUM CITRATE, MONOCALCIUM PHOSPHATE ",WHEAT FLOUR*, CANE SUGAR*, INVERT CANE SYRUP*, PALM OIL*, WHOLE WHEAT FLOUR*, PUMPKIN PUREE*, CORN STARCH*, RICE STARCH*, DEXTROSE*, SPICES* (CINNAMON*, NUTMEG*, GINGER*), LEAVENING (BAKING SODA, CREAM OF TARTAR), VITAL WHEAT GLUTEN*, SEA SALT, TAPIOCA STARCH*, NON-FAT DRIED MILK*, HONEY*, MOLASSES*, PUMPKIN PIE SPICE FLAVOR*, WHEY PROTEIN CONCENTRATE* (MILK), ALGIN, SODIUM CITRATE, MONOCALCIUM PHOSPHATE ,,,,,,,,,,,,,,,,,,,,,,,,,,,,,,,,,,,,,,,,,,,,,,,,,,,,,,,,,,,,,,,,,,,,,,,,,,,,,,,,,,,,,,,,,,
45325,Stock Inventory     ,58449160007,Biscuits Honey Chia OG        ,7 oz                ,Biscuits Honey Chia             ,1,SHELF STABLE COOKIES & SNACK B,SS COOKIES                    ,Nature's Path                 ,Packaged Grocery              ,5 29,10/4/17 0:00,2/28/18 17:22,"WHOLE GRAIN ROLLED OATS*, WHEAT FLOUR*, WHOLE WHEAT FLOUR*, SUNFLOWER OIL*, CANE SUGAR*, INVERT CANE SYRUP*, CHIA SEEDS*, HONEY*, ANCIENT GRAIN BLEND* (KAMUT KHORASAN WHEAT*, QUINOA*, AMARANTH*), HONEY FLAVOR*, BUTTER FLAVOR* (MILK), LEAVENING (SODIUM BICARBONATE, AMMONIUM BICARBONATE), SEA SALT, SUNFLOWER LECITHIN ",WHOLE GRAIN ROLLED OATS*, WHEAT FLOUR*, WHOLE WHEAT FLOUR*, SUNFLOWER OIL*, CANE SUGAR*, INVERT CANE SYRUP*, CHIA SEEDS*, HONEY*, ANCIENT GRAIN BLEND* (KAMUT KHORASAN WHEAT*, QUINOA*, AMARANTH*), HONEY FLAVOR*, BUTTER FLAVOR* (MILK), LEAVENING (SODIUM BICARBONATE, AMMONIUM BICARBONATE), SEA SALT, SUNFLOWER LECITHIN ,,,,,,,,,,,,,,,,,,,,,,,,,,,,,,,,,,,,,,,,,,,,,,,,,,,,,,,,,,,,,,,,,,,,,,,,,,,,,,,,,,,,,,,,,,,,,,,,,,
45324,Stock Inventory     ,58449160120,Biscuits Choc Coconut OG      ,7 oz                ,Biscuits Choc Cocont            ,1,SHELF STABLE COOKIES & SNACK B,SS COOKIES                    ,Nature's Path                 ,Packaged Grocery              ,5 29,10/4/17 0:00,3/1/18 9:48,"Whole grain rolled oats*, wheat flour*, whole wheat flour*, sunflower oil*, cane sugar*, invert cane syrup*, dark chocolate chips* (cane sugar*, unsweetened chocolate*, cocoa butter*, soy lecithin, vanilla*), Fair Trade cocoa powder*, ancient grain blend* (KAMUT® khorasan wheat*, quinoa*, amaranth*), dried coconut*, butter flavor* (milk), chocolate flavor*, leavening (sodium bicarbonate, ammonium bicarbonate), hemp seeds*, sea salt, coconut flavor*, sunflower lecithin",Whole grain rolled oats*, wheat flour*, whole wheat flour*, sunflower oil*, cane sugar*, invert cane syrup*, dark chocolate chips* (cane sugar*, unsweetened chocolate*, cocoa butter*, soy lecithin, vanilla*), Fair Trade cocoa powder*, ancient grain blend* (KAMUT® khorasan wheat*, quinoa*, amaranth*), dried coconut*, butter flavor* (milk), chocolate flavor*, leavening (sodium bicarbonate, ammonium bicarbonate), hemp seeds*, sea salt, coconut flavor*, sunflower lecithin,,,,,,,,,,,,,,,,,,,,,,,,,,,,,,,,,,,,,,,,,,,,,,,,,,,,,,,,,,,,,,,,,,,,,,,,,,,,,,,,,,,,,,,,,,,
45400,Stock Inventory     ,21908514864,Bar Fruit+Greens Pinpple Kale ,1 24 oz             ,Bar Frt+Grns PnplKl             ,1,SHELF STABLE WELLNESS BARS & G,SS BARS WELLNESS              ,Larabar                       ,Packaged Grocery              ,1 99,10/25/18 0:00,2/5/19 15:56,,,,,,,,,,,,,,,,,,,,,,,,,,,,,,,,,,,,,,,,,,,,,,,,,,,,,,,,,,,,,,,,,,,,,,,,,,,,,,,,,,,,,,,,,,,,,,,,,,,,,,,,,,,,,,,,,,,,
45406,Stock Inventory     ,8.58E+11,Mixed Berry Protein Bar,1 83 oz ,RXB Protn Bar Mix Brry 1 83OZ,0,SHELF STABLE WELLNESS BARS & G,SS BARS WELLNESS              ,RXBar                         ,Packaged Grocery              ,2 99,4/18/24 0:00,7/26/24 17:40,"DATES, EGG WHITES, ALMONDS, CASHEWS, CRANBERRIES, STRAWBERRIES, RASPBERRIES, NATURAL FLAVORS ",DATES, EGG WHITES, ALMONDS, CASHEWS, CRANBERRIES, STRAWBERRIES, RASPBERRIES, NATURAL FLAVORS ,,,,,,,,,,,,,,,,,,,,,,,,,,,,,,,,,,,,,,,,,,,,,,,,,,,,,,,,,,,,,,,,,,,,,,,,,,,,,,,,,,,,,,,,,,,,,,,,,,,,,,,,,,,
45405,Stock Inventory     ,8.58E+11,Protein Bar Chocolate Chip    ,1 83 oz             ,"PROTEIN BAR,CHOCOLATE CH",1,SHELF STABLE WELLNESS BARS & G,SS BARS WELLNESS              ,RXBar                         ,Packaged Grocery              ,2 79,10/3/18 0:00,1/16/19 15:04,"DATES, EGG WHITES, ALMONDS, CASHEWS, CHOCOLATE, NATURAL FLAVORS, SEA SALT ",DATES, EGG WHITES, ALMONDS, CASHEWS, CHOCOLATE, NATURAL FLAVORS, SEA SALT ,,,,,,,,,,,,,,,,,,,,,,,,,,,,,,,,,,,,,,,,,,,,,,,,,,,,,,,,,,,,,,,,,,,,,,,,,,,,,,,,,,,,,,,,,,,,,,,,,,,,,,,,,,,,
45434,Stock Inventory     ,8.10E+11,Gummy Bears Pomegranate OG    ,5 oz                ,Gummy Bears Pomeg               ,1,SHELF STABLE CANDY            ,SS CANDY NON CHOCOLATE        ,YumEarth                      ,Packaged Grocery              ,4 69,7/19/18 0:00,4/24/19 18:09,"ORGANIC RICE FLOUR, ORGANIC CANE SUGAR, GELATIN, ORGANIC CORN STARCH, CITRIC ACID, NATURAL FLAVOR, POMEGRANATE JUICE CONCENTRATE, COLORED WITH ORGANIC CONCENTRATE (CARROT, APPLE, BLACKCURRANT), ORGANIC CARNAUBA WAX, ORGANIC SUNFLOWER OIL ",ORGANIC RICE FLOUR, ORGANIC CANE SUGAR, GELATIN, ORGANIC CORN STARCH, CITRIC ACID, NATURAL FLAVOR, POMEGRANATE JUICE CONCENTRATE, COLORED WITH ORGANIC CONCENTRATE (CARROT, APPLE, BLACKCURRANT), ORGANIC CARNAUBA WAX, ORGANIC SUNFLOWER OIL ,,,,,,,,,,,,,,,,,,,,,,,,,,,,,,,,,,,,,,,,,,,,,,,,,,,,,,,,,,,,,,,,,,,,,,,,,,,,,,,,,,,,,,,,,,,,,,,,,,,,,,,
45385,Stock Inventory     ,79126104541,Fruit Strip Apple Cinnamon OG , 5 oz ,SI Fruit Strip ApplCin 0 5OZ,1,SHELF STABLE CANDY            ,SS FRUIT SNACKS               ,Stretch Island                ,Packaged Grocery              ,0 89,12/26/19 0:00,7/22/21 16:17,,,,,,,,,,,,,,,,,,,,,,,,,,,,,,,,,,,,,,,,,,,,,,,,,,,,,,,,,,,,,,,,,,,,,,,,,,,,,,,,,,,,,,,,,,,,,,,,,,,,,,,,,,,,,,,,,,,,
45384,Stock Inventory     ,79126100185,Fruit Strip Strawberry OG     ,3 oz                ,Fruit Strip Strawbry            ,1,SHELF STABLE CANDY            ,SS FRUIT SNACKS               ,Stretch Island                ,Packaged Grocery              ,4 99,10/17/17 0:00,4/10/18 12:12,,,,,,,,,,,,,,,,,,,,,,,,,,,,,,,,,,,,,,,,,,,,,,,,,,,,,,,,,,,,,,,,,,,,,,,,,,,,,,,,,,,,,,,,,,,,,,,,,,,,,,,,,,,,,,,,,,,,
45410,Stock Inventory     ,8.58E+11,Mint Chocolate Protein Bar,1 83 oz ,RXB Protein Bar MntChc 1 83OZ,0,SHELF STABLE WELLNESS BARS & G,SS BARS WELLNESS              ,RXBar                         ,Packaged Grocery              ,2 99,4/18/24 0:00,8/24/24 12:24,"DATES, EGG WHITES, CASHEWS, ALMONDS, CHOCOLATE, COCOA, MINT, NATURAL FLAVORS,  SEA SALT ",DATES, EGG WHITES, CASHEWS, ALMONDS, CHOCOLATE, COCOA, MINT, NATURAL FLAVORS,  SEA SALT ,,,,,,,,,,,,,,,,,,,,,,,,,,,,,,,,,,,,,,,,,,,,,,,,,,,,,,,,,,,,,,,,,,,,,,,,,,,,,,,,,,,,,,,,,,,,,,,,,,,,,,,,,,
45409,Stock Inventory     ,8.58E+11,Protein Bar Maple Sea Salt    ,1 83 oz ,RXB Protein Bar MplSlt 1 83OZ,1,SHELF STABLE WELLNESS BARS & G,SS BARS WELLNESS              ,RXBar                         ,Packaged Grocery              ,2 99,4/24/23 0:00,5/30/23 16:56,"DATES, EGG WHITES, CASHEWS, PECANS, NATURAL FLAVORS, MAPLE WATER, SEA SALT ",DATES, EGG WHITES, CASHEWS, PECANS, NATURAL FLAVORS, MAPLE WATER, SEA SALT ,,,,,,,,,,,,,,,,,,,,,,,,,,,,,,,,,,,,,,,,,,,,,,,,,,,,,,,,,,,,,,,,,,,,,,,,,,,,,,,,,,,,,,,,,,,,,,,,,,,,,,,,,,,,
45390,Stock Inventory     ,49000069785,Lemonade Blackberry           ,16 fl oz            ,Lemonade Blackberry             ,1,SHELF STABLE JUICES           ,SS JUICE & JUICE DRINKS       ,Hubert's                      ,Packaged Grocery              ,2 39,12/30/20 17:28,1/18/21 11:19,"INGREDIENTS: PURE FILTERED WATER, LEMON JUICE FROM CONCENTRATE, CANE SUGAR, CITRIC ACID, NATURAL FLAVORS,  VEGETABLE JUICE (FOR COLOR), STEVIA LEAF EXTRACT ",INGREDIENTS: PURE FILTERED WATER, LEMON JUICE FROM CONCENTRATE, CANE SUGAR, CITRIC ACID, NATURAL FLAVORS,  VEGETABLE JUICE (FOR COLOR), STEVIA LEAF EXTRACT ,,,,,,,,,,,,,,,,,,,,,,,,,,,,,,,,,,,,,,,,,,,,,,,,,,,,,,,,,,,,,,,,,,,,,,,,,,,,,,,,,,,,,,,,,,,,,,,,,,,,,,,,,,,,
45408,Stock Inventory     ,8.58E+11,Blueberry Protein Bar,1 83 oz ,RXB Protein Bar Blbrry 1 83OZ,0,SHELF STABLE WELLNESS BARS & G,SS BARS WELLNESS              ,RXBar                         ,Packaged Grocery              ,2 99,10/10/24 0:00,1/26/25 15:14,"DATES  EGG WHITES, ALMONDS, CASHEWS, BLUEBERRIES, NATURAL FLAVORS ",DATES  EGG WHITES, ALMONDS, CASHEWS, BLUEBERRIES, NATURAL FLAVORS ,,,,,,,,,,,,,,,,,,,,,,,,,,,,,,,,,,,,,,,,,,,,,,,,,,,,,,,,,,,,,,,,,,,,,,,,,,,,,,,,,,,,,,,,,,,,,,,,,,,,,,,,,,,,,,
45339,Stock Inventory     ,8.50E+11,Granola Chuncky Cocoa OG      ,3 oz                ,Granola Chncky Cocoa            ,1,SHELF STABLE COLD CEREALS     ,SS GRANOLA & MUESLI           ,Mountain Rise                 ,Packaged Grocery              ,2 19,10/5/17 0:00,4/14/18 11:13,,,,,,,,,,,,,,,,,,,,,,,,,,,,,,,,,,,,,,,,,,,,,,,,,,,,,,,,,,,,,,,,,,,,,,,,,,,,,,,,,,,,,,,,,,,,,,,,,,,,,,,,,,,,,,,,,,,,
45443,Stock Inventory     ,8.20E+11,Multigrain Flax Flatbread,5 5 oz ,BTN Fltbrd Multigrn Flx 5 5OZ,0,SHELF STABLE CRACKERS & CRISPB,SS CRISPBREADS & TOASTS       ,Back To Nature                ,Packaged Grocery              ,4 79,12/29/24 0:00,2/5/25 15:42,"UNBLEACHED ENRICHED WHEAT FLOUR (WHEAT FLOUR, NIACIN, REDUCED IRON, THIAMINE MONONITRATE, RIBOFLAVIN, FOLIC ACID), SAFFLOWER OIL, WHOLE WHEAT FLOUR, UNBLEACHED WHEAT FLOUR, GOLDEN FLAXSEED, CORN STARCH, WHOLE GRAIN MILLET, POTATO STARCH, BROWN RICE SYRUP, BROWN FLAXSEED, WHOLE GRAIN TRITICALE, WHOLE GRAIN BARLEY FLAKES, WHOLE GRAIN RYE, LEAVENING (AMMONIUM BICARBONATE, MONOCALCIUM PHOSPHATE, BAKING SODA), OATS, CANE SUGAR, MALTED BARLEY EXTRACT, SEA SALT, GARLIC POWDER, PARSLEY, ONION POWDER, CITRIC ACID, MIXED TOCOPHEROLS (TO PRESERVE FRESHNESS) ",UNBLEACHED ENRICHED WHEAT FLOUR (WHEAT FLOUR, NIACIN, REDUCED IRON, THIAMINE MONONITRATE, RIBOFLAVIN, FOLIC ACID), SAFFLOWER OIL, WHOLE WHEAT FLOUR, UNBLEACHED WHEAT FLOUR, GOLDEN FLAXSEED, CORN STARCH, WHOLE GRAIN MILLET, POTATO STARCH, BROWN RICE SYRUP, BROWN FLAXSEED, WHOLE GRAIN TRITICALE, WHOLE GRAIN BARLEY FLAKES, WHOLE GRAIN RYE, LEAVENING (AMMONIUM BICARBONATE, MONOCALCIUM PHOSPHATE, BAKING SODA), OATS, CANE SUGAR, MALTED BARLEY EXTRACT, SEA SALT, GARLIC POWDER, PARSLEY, ONION POWDER, CITRIC ACID, MIXED TOCOPHEROLS (TO PRESERVE FRESHNESS) ,,,,,,,,,,,,,,,,,,,,,,,,,,,,,,,,,,,,,,,,,,,,,,,,,,,,,,,,,,,,,,,,,,,,,,,,,,,,,,,,,,,,,
45447,Stock Inventory     ,59290574616,Crackers Entertainment        ,7 05 oz ,CAR Crackers Entrtnmnt 7 05OZ,1,SHELF STABLE CRACKERS & CRISPB,SS CRACKERS CLASSIC & DELI    ,Carr's                        ,Packaged Grocery              ,8 49,3/30/23 0:00,9/14/23 18:20,"WHEAT FLOUR, VEGETABLE OIL (PALM, PALM OLEIN), GRAHAM FLOUR, SUGAR, GLUCOSE SYRUP, SALT, LEAVENING (AMMONIUM BICARBONATE, SODIUM BICARBONATE, TARTARIC ACID), BARLEY MALT EXTRACT, WHEAT BRAN, OATMEAL, WHEAT STARCH, CRACKED WHEAT, CRACKED RYE, BARLEY FLAKES, DRIED WHEY, DRIED WHOLE EGG, CANE SYRUP, YEAST, BARLEY MALT FLOUR, EMULSIFIER (MONO- AND DIACETYL TARTARIC ACID ESTERS OF MONO- AND DIGLYCERIDES OF FATTY ACIDS) ",WHEAT FLOUR, VEGETABLE OIL (PALM, PALM OLEIN), GRAHAM FLOUR, SUGAR, GLUCOSE SYRUP, SALT, LEAVENING (AMMONIUM BICARBONATE, SODIUM BICARBONATE, TARTARIC ACID), BARLEY MALT EXTRACT, WHEAT BRAN, OATMEAL, WHEAT STARCH, CRACKED WHEAT, CRACKED RYE, BARLEY FLAKES, DRIED WHEY, DRIED WHOLE EGG, CANE SYRUP, YEAST, BARLEY MALT FLOUR, EMULSIFIER (MONO- AND DIACETYL TARTARIC ACID ESTERS OF MONO- AND DIGLYCERIDES OF FATTY ACIDS) ,,,,,,,,,,,,,,,,,,,,,,,,,,,,,,,,,,,,,,,,,,,,,,,,,,,,,,,,,,,,,,,,,,,,,,,,,,,,,,,,,,,,,,,,,,,,
45446,Stock Inventory     ,68055682909,Cracker Sprouted Carmlzd Onion,5 11 oz             ,Crackr Sprtd Car On             ,1,SHELF STABLE CRACKERS & CRISPB,SS CRACKERS CLASSIC & DELI    ,Dare                          ,Packaged Grocery              ,3 49,4/12/18 0:00,8/2/18 18:27,"SPROUTED GRAINS (WHOLE WHEAT FLOUR, CRACKED RYE, CRACKED WHEAT, BUCKWHEAT, QUINOA), ENRICHED FLOUR (WHEAT FLOUR, NIACIN, REDUCED IRON, THIAMINE MONONITRATE, RIBOFLAVIN, FOLIC ACID), HIGH OLEIC SUNFLOWER OIL, SUGAR, COCONUT OIL, CORN STARCH, SALT, CARAMELIZED DRIED ONION, LEAVENING (AMMONIUM BICARBONATE, BAKING SODA), DRIED PARSLEY, NATURAL FLAVOR, ONION POWDER, GARLIC POWDER, TOCOPHEROL, ENZYMES, SESAME SEEDS ",SPROUTED GRAINS (WHOLE WHEAT FLOUR, CRACKED RYE, CRACKED WHEAT, BUCKWHEAT, QUINOA), ENRICHED FLOUR (WHEAT FLOUR, NIACIN, REDUCED IRON, THIAMINE MONONITRATE, RIBOFLAVIN, FOLIC ACID), HIGH OLEIC SUNFLOWER OIL, SUGAR, COCONUT OIL, CORN STARCH, SALT, CARAMELIZED DRIED ONION, LEAVENING (AMMONIUM BICARBONATE, BAKING SODA), DRIED PARSLEY, NATURAL FLAVOR, ONION POWDER, GARLIC POWDER, TOCOPHEROL, ENZYMES, SESAME SEEDS ,,,,,,,,,,,,,,,,,,,,,,,,,,,,,,,,,,,,,,,,,,,,,,,,,,,,,,,,,,,,,,,,,,,,,,,,,,,,,,,,,,,,,,,,,
45445,Stock Inventory     ,68055688505,Cracker Roasted Garlic OG     ,5 29 oz             ,Cracker Rstd Garlic             ,1,SHELF STABLE CRACKERS & CRISPB,SS CRACKERS CLASSIC & DELI    ,Dare                          ,Packaged Grocery              ,3 49,3/21/18 0:00,7/12/18 17:31,"ORGANIC ENRICHED FLOUR (ORGANIC WHEAT FLOUR, NIACIN, REDUCED IRON, THIAMINE MONONITRATE,RIBOFLAVIN, FOLIC ACID), ORGANIC SUNFLOWER OIL, ORGANIC WHOLE WHEAT FLOUR, ORGANIC COCONUT OIL, ORGANIC SUGAR, SEA SALT, LEAVENING (AMMONIUM BICARBONATE, BAKING SODA), ORGANIC DRIED GARLIC, ORGANIC WHEAT BRAN, ORGANIC SKIM MILK, ORGANIC OATS, ORGANIC CRACKED WHEAT, ORGANIC MILLET, ORGANIC DRIED PARSLEY, NATURAL FLAVOR, ORGANIC ROSEMARY EXTRACT, TOCOPHEROL TO PROTECT FLAVOR, ORGANIC SESAME SEEDS, ENZYMES ",ORGANIC ENRICHED FLOUR (ORGANIC WHEAT FLOUR, NIACIN, REDUCED IRON, THIAMINE MONONITRATE,RIBOFLAVIN, FOLIC ACID), ORGANIC SUNFLOWER OIL, ORGANIC WHOLE WHEAT FLOUR, ORGANIC COCONUT OIL, ORGANIC SUGAR, SEA SALT, LEAVENING (AMMONIUM BICARBONATE, BAKING SODA), ORGANIC DRIED GARLIC, ORGANIC WHEAT BRAN, ORGANIC SKIM MILK, ORGANIC OATS, ORGANIC CRACKED WHEAT, ORGANIC MILLET, ORGANIC DRIED PARSLEY, NATURAL FLAVOR, ORGANIC ROSEMARY EXTRACT, TOCOPHEROL TO PROTECT FLAVOR, ORGANIC SESAME SEEDS, ENZYMES ,,,,,,,,,,,,,,,,,,,,,,,,,,,,,,,,,,,,,,,,,,,,,,,,,,,,,,,,,,,,,,,,,,,,,,,,,,,,,,,,,,,,,,,,,,
45392,Stock Inventory     ,49000069792,Lemonade Blood Orange         ,16 fl oz            ,Lemonade Bld Orange             ,1,SHELF STABLE JUICES           ,SS JUICE & JUICE DRINKS       ,Hubert's                      ,Packaged Grocery              ,2 49,9/20/18 0:00,1/11/19 12:18,"INGREDIENTS: FILTERED WATER, LEMON JUICE FROM CONCENTRATE, CANE SUGAR, BLOOD ORANGE JUICE FROM CONCENTRATE, NATURAL FLAVORS, FRUIT AND VEGETABLE JUICE (FOR COLOR), CITRIC ACID, STEVIA LEAF EXTRACT ",INGREDIENTS: FILTERED WATER, LEMON JUICE FROM CONCENTRATE, CANE SUGAR, BLOOD ORANGE JUICE FROM CONCENTRATE, NATURAL FLAVORS, FRUIT AND VEGETABLE JUICE (FOR COLOR), CITRIC ACID, STEVIA LEAF EXTRACT ,,,,,,,,,,,,,,,,,,,,,,,,,,,,,,,,,,,,,,,,,,,,,,,,,,,,,,,,,,,,,,,,,,,,,,,,,,,,,,,,,,,,,,,,,,,,,,,,,,,,,,,,,,,
45399,Stock Inventory     ,21908514871,Bar Fruit+Greens Mango Spinach,1 24 oz             ,Bar Frt+Grns MngoSp             ,1,SHELF STABLE WELLNESS BARS & G,SS BARS WELLNESS              ,Larabar                       ,Packaged Grocery              ,1 99,5/31/18 0:00,7/21/18 18:39,,,,,,,,,,,,,,,,,,,,,,,,,,,,,,,,,,,,,,,,,,,,,,,,,,,,,,,,,,,,,,,,,,,,,,,,,,,,,,,,,,,,,,,,,,,,,,,,,,,,,,,,,,,,,,,,,,,,
45320,Stock Inventory     ,79746007055,Cookies Pnut Butter Choc Chip ,14 oz               ,Cookies PB Choc Chip            ,1,SHELF STABLE COOKIES & SNACK B,SS COOKIES                    ,Matt's Cookies                ,Packaged Grocery              ,5 39,7/12/18 0:00,7/31/18 10:14,"PEANUT BUTTER (DRY ROASTED PEANUTS, SALT)",PEANUT BUTTER (DRY ROASTED PEANUTS, SALT),,,,,,,,,,,,,,,,,,,,,,,,,,,,,,,,,,,,,,,,,,,,,,,,,,,,,,,,,,,,,,,,,,,,,,,,,,,,,,,,,,,,,,,,,,,,,,,,,,,,,,,,,,,,,,,,,
45272,Stock Inventory     ,8.56E+11,Cups Peanut Butter Crispy Choc,4 oz                ,Cups PntBtr CrspChoc            ,1,SHELF STABLE CANDY            ,SS CANDY CHOCOLATE            ,Unreal                        ,Packaged Grocery              ,5 39,1/24/19 0:00,3/3/19 18:27,"DARK CHOCOLATE (CACAO,* CANE SUGAR,* COCOA BUTTER,* ORGANIC BLUE AGAVE INULIN, ORGANIC SUNFLOWER LECITHIN, VANILLA), PEANUT BUTTER (DRY ROASTED PEANUTS, ORGANIC CANE SUGAR, PALM OIL, SALT), ORGANIC POWDERED SUGAR, ORGANIC PALM OIL, ORGANIC CRISPED QUINOA, PEANUT FLOUR, ORGANIC BLUE AGAVE INULIN, ORGANIC COCONUT OIL, SALT, ORGANIC SUNFLOWER LECITHIN ",DARK CHOCOLATE (CACAO,* CANE SUGAR,* COCOA BUTTER,* ORGANIC BLUE AGAVE INULIN, ORGANIC SUNFLOWER LECITHIN, VANILLA), PEANUT BUTTER (DRY ROASTED PEANUTS, ORGANIC CANE SUGAR, PALM OIL, SALT), ORGANIC POWDERED SUGAR, ORGANIC PALM OIL, ORGANIC CRISPED QUINOA, PEANUT FLOUR, ORGANIC BLUE AGAVE INULIN, ORGANIC COCONUT OIL, SALT, ORGANIC SUNFLOWER LECITHIN ,,,,,,,,,,,,,,,,,,,,,,,,,,,,,,,,,,,,,,,,,,,,,,,,,,,,,,,,,,,,,,,,,,,,,,,,,,,,,,,,,,,,,,,,,,,,,,,,,
45221,Stock Inventory     ,8.99E+11,Bar Infinity-C Boosting       ,1 76 oz             ,Bar Infinity-C Boost            ,1,SHELF STABLE WELLNESS BARS & G,SS BARS WELLNESS              ,Billy's                       ,Packaged Grocery              ,3 49,9/15/17 0:00,8/18/18 17:42,,,,,,,,,,,,,,,,,,,,,,,,,,,,,,,,,,,,,,,,,,,,,,,,,,,,,,,,,,,,,,,,,,,,,,,,,,,,,,,,,,,,,,,,,,,,,,,,,,,,,,,,,,,,,,,,,,,,
45277,Stock Inventory     ,8.56E+11,Cup Peanut Butter Dark Choc   , 53 oz              ,"PBTR CUP,DRK CHOC,MINI",1,SHELF STABLE CANDY            ,SS CANDY CHOCOLATE            ,Unreal                        ,Packaged Grocery              ,0 89,9/5/18 0:00,1/21/19 19:28,"DARK CHOCOLATE (CHOCOLATE LIQUOR++, CANE SUGAR++, COCOA BUTTER++, ORGANIC BLUE AGAVE INULIN, SUNFLOWER LECITHIN, VANILLA), PEANUTS, ORGANIC CANE SUGAR++, ORGANIC PALM OIL**, ORGANIC PEANUT FLOUR, ORGANIC BLUE AGAVE INULIN, SEA SALT, SUNFLOWER LECITHIN ",DARK CHOCOLATE (CHOCOLATE LIQUOR++, CANE SUGAR++, COCOA BUTTER++, ORGANIC BLUE AGAVE INULIN, SUNFLOWER LECITHIN, VANILLA), PEANUTS, ORGANIC CANE SUGAR++, ORGANIC PALM OIL**, ORGANIC PEANUT FLOUR, ORGANIC BLUE AGAVE INULIN, SEA SALT, SUNFLOWER LECITHIN ,,,,,,,,,,,,,,,,,,,,,,,,,,,,,,,,,,,,,,,,,,,,,,,,,,,,,,,,,,,,,,,,,,,,,,,,,,,,,,,,,,,,,,,,,,,,,,,,,,,,,,
45231,Stock Inventory     ,7.88E+11,The Double Chocolate Complete Cookie,4 oz ,L&L Cookie Double Choc 4OZ,0,SHELF STABLE COOKIES & SNACK B,SS COOKIES                    ,Lenny & Larry's               ,Packaged Grocery              ,2 99,11/21/24 0:00,1/13/25 18:48,"ENRICHED WHEAT FLOUR (WHEAT FLOUR, NIACIN, REDUCED IRON, THIAMINE MONONITRATE, RIBOFLAVIN, FOLIC ACID), PROTEIN BLEND (VITAL WHEAT GLUTEN, PEA PROTEIN, RICE PROTEIN), CHICORY ROOT FIBER, INVERT SUGAR, SEMI-SWEET CHOCOLATE CHIPS (UNSWEETENED CHOCOLATE, SUGAR, COCOA BUTTER, DEXTROSE, NATURAL VANILLA EXTRACT), CANE SUGAR, PALM FRUIT OIL, VEGETABLE GLYCERINE, COCOA POWDER PROCESSED WITH ALKALI, SUNFLOWER LECITHIN, MOLASSES, NATURAL FLAVOR, BAKING SODA, SALT, XANTHAN GUM, GUAR GUM ",ENRICHED WHEAT FLOUR (WHEAT FLOUR, NIACIN, REDUCED IRON, THIAMINE MONONITRATE, RIBOFLAVIN, FOLIC ACID), PROTEIN BLEND (VITAL WHEAT GLUTEN, PEA PROTEIN, RICE PROTEIN), CHICORY ROOT FIBER, INVERT SUGAR, SEMI-SWEET CHOCOLATE CHIPS (UNSWEETENED CHOCOLATE, SUGAR, COCOA BUTTER, DEXTROSE, NATURAL VANILLA EXTRACT), CANE SUGAR, PALM FRUIT OIL, VEGETABLE GLYCERINE, COCOA POWDER PROCESSED WITH ALKALI, SUNFLOWER LECITHIN, MOLASSES, NATURAL FLAVOR, BAKING SODA, SALT, XANTHAN GUM, GUAR GUM ,,,,,,,,,,,,,,,,,,,,,,,,,,,,,,,,,,,,,,,,,,,,,,,,,,,,,,,,,,,,,,,,,,,,,,,,,,,,,,,,,,,,,,,,
45228,Stock Inventory     ,42563603748,Pizza Sauce OG GF             ,15 5 oz ,FD Pizza Sauce OG GF 15 5OZ,0,SHELF STABLE PASTA & PIZZA SAU,SS PIZZA SAUCE                ,Field Day                     ,Packaged Grocery              ,2 99,8/12/24 0:00,12/23/24 11:24,"ORGANIC TOMATO PURA%0E (WATER, ORGANIC TOMATO PASTE)",ORGANIC TOMATO PURA%0E (WATER, ORGANIC TOMATO PASTE),,,,,,,,,,,,,,,,,,,,,,,,,,,,,,,,,,,,,,,,,,,,,,,,,,,,,,,,,,,,,,,,,,,,,,,,,,,,,,,,,,,,,,,,,,,,,,,,,,,,,,,,,,,,,,,,,
45310,Stock Inventory     ,8.73E+11,Nectar Coconut Palm Blonde    ,11 5 fl oz          ,Nectar CnutPalm Blnd            ,1,SHELF STABLE SWEETENERS       ,SS SWEETENERS LIQUID OTHER    ,Big Tree                      ,Packaged Grocery              ,6 39,2/17/18 2:13,11/24/18 12:56,CERTIFIED ORGANIC FAIR TRADE COCONUT BLOSSOM NECTAR,CERTIFIED ORGANIC FAIR TRADE COCONUT BLOSSOM NECTAR,,,,,,,,,,,,,,,,,,,,,,,,,,,,,,,,,,,,,,,,,,,,,,,,,,,,,,,,,,,,,,,,,,,,,,,,,,,,,,,,,,,,,,,,,,,,,,,,,,,,,,,,,,,,,,,,,,
45283,Stock Inventory     ,37014000559,Choc Bar Dk Caramel Apple,3 oz ,ES Bar Choc Dk Cml Apl 3OZ,1,SHELF STABLE CANDY            ,SS CANDY CHOCOLATE            ,Endangered Species            ,Packaged Grocery              ,3 69,10/5/22 0:00,1/27/23 13:39,"Bittersweet Chocolate (Chocolate Liquor, Cane Sugar, Cocoa Butter, Soy Lecithin, Vanilla), Organic Caramel (Organic Tapioca Syrup, Organic Cane Sugar, Organic Nonfat Milk, Organic Heavy Cream, Organic Butter [Milk], Salt, Pectin, Sodium Citrate, Organic Vanilla Extract 2-Fold, Organic Soy Lecithin, Vitamin E (Mixed Tocopherols) Added To Preserve Freshness), Natural Apple Flavor, Cinnamon",Bittersweet Chocolate (Chocolate Liquor, Cane Sugar, Cocoa Butter, Soy Lecithin, Vanilla), Organic Caramel (Organic Tapioca Syrup, Organic Cane Sugar, Organic Nonfat Milk, Organic Heavy Cream, Organic Butter [Milk], Salt, Pectin, Sodium Citrate, Organic Vanilla Extract 2-Fold, Organic Soy Lecithin, Vitamin E (Mixed Tocopherols) Added To Preserve Freshness), Natural Apple Flavor, Cinnamon,,,,,,,,,,,,,,,,,,,,,,,,,,,,,,,,,,,,,,,,,,,,,,,,,,,,,,,,,,,,,,,,,,,,,,,,,,,,,,,,,,,,,,,,,,,,,,,,,
45256,Stock Inventory     ,8.52E+11,Chips Potato Sea Salt OG      ,4 5 oz              ,Chips Potato SeaSalt            ,1,SHELF STABLE CHIPS PRETZELS SN,SS POTATO CHIPS               ,Lukes                         ,Packaged Grocery              ,3 99,11/26/18 0:00,1/11/19 14:58,"LUKE'S ORGANIC POTATOES, LUKE'S ORGANIC SUSTAINABLE OIL BLEND (SUNFLOWER OIL, SAFFLOWER OIL AND/OR RED PALM OLEIN), SEA SALT",LUKE'S ORGANIC POTATOES, LUKE'S ORGANIC SUSTAINABLE OIL BLEND (SUNFLOWER OIL, SAFFLOWER OIL AND/OR RED PALM OLEIN), SEA SALT,,,,,,,,,,,,,,,,,,,,,,,,,,,,,,,,,,,,,,,,,,,,,,,,,,,,,,,,,,,,,,,,,,,,,,,,,,,,,,,,,,,,,,,,,,,,,,,,,,,,,,,,,,,,,,,
45287,Stock Inventory     ,6.32E+11,Yerba Mate Spark Grapft Gngr  ,12 fl oz ,GUA Yerba Mate GrpftGngr 12FZ,0,SHELF STABLE TEA & COFFEE RTD ,SS TEA RTD                    ,Guayaki                       ,Packaged Grocery              ,2 99,1/16/25 0:00,2/10/25 17:26,SPARKLING PURIFIED WATER,SPARKLING PURIFIED WATER,,,,,,,,,,,,,,,,,,,,,,,,,,,,,,,,,,,,,,,,,,,,,,,,,,,,,,,,,,,,,,,,,,,,,,,,,,,,,,,,,,,,,,,,,,,,,,,,,,,,,,,,,,,,,,,,,,
45286,Stock Inventory     ,6.32E+11,Yerba Mate Sparkling Cran Pom,12 fl oz ,GUA Yerba Mate Cran Pom 12FZ,0,SHELF STABLE TEA & COFFEE RTD ,SS TEA RTD                    ,Guayaki                       ,Packaged Grocery              ,2 79,1/16/25 0:00,2/11/25 13:12,SPARKLING PURIFIED WATER,SPARKLING PURIFIED WATER,,,,,,,,,,,,,,,,,,,,,,,,,,,,,,,,,,,,,,,,,,,,,,,,,,,,,,,,,,,,,,,,,,,,,,,,,,,,,,,,,,,,,,,,,,,,,,,,,,,,,,,,,,,,,,,,,,
45285,Stock Inventory     ,6.32E+11,Yerba Mate Bluephoria         ,15 5 fl oz ,GUA Yerba Mate Bluphoria 15 5FZ,0,SHELF STABLE TEA & COFFEE RTD ,SS TEA RTD                    ,Guayaki                       ,Packaged Grocery              ,2 99,2/6/25 0:00,2/11/25 9:31,PURIFIED WATER,PURIFIED WATER,,,,,,,,,,,,,,,,,,,,,,,,,,,,,,,,,,,,,,,,,,,,,,,,,,,,,,,,,,,,,,,,,,,,,,,,,,,,,,,,,,,,,,,,,,,,,,,,,,,,,,,,,,,,,,,,,,
45232,Stock Inventory     ,7.88E+11,The Complete Cookie Pnut Buttr,4 oz                ,"COMPLETE CKY,PEANUT BUTT",1,SHELF STABLE COOKIES & SNACK B,SS COOKIES                    ,Lenny & Larry's               ,Packaged Grocery              ,2 29,12/20/21 0:00,4/13/22 9:01,"ENRICHED WHEAT FLOUR (WHEAT FLOUR, NIACIN, REDUCED IRON, THIAMINE MONONITRATE, RIBOFLAVIN, FOLIC ACID), CHICORY ROOT FIBER, PEANUT BUTTER, PROTEIN BLEND (VITAL WHEAT GLUTEN, PEA PROTEIN, RICE PROTEIN), INVERT SUGAR, VEGETABLE GLYCERIN, CANE SUGAR, PEANUTS, PALM FRUIT OIL, SUNFLOWER LECITHIN, NATURAL FLAVORS, BAKING SODA, SALT, XANTHAN GUM, GUAR GUM ",ENRICHED WHEAT FLOUR (WHEAT FLOUR, NIACIN, REDUCED IRON, THIAMINE MONONITRATE, RIBOFLAVIN, FOLIC ACID), CHICORY ROOT FIBER, PEANUT BUTTER, PROTEIN BLEND (VITAL WHEAT GLUTEN, PEA PROTEIN, RICE PROTEIN), INVERT SUGAR, VEGETABLE GLYCERIN, CANE SUGAR, PEANUTS, PALM FRUIT OIL, SUNFLOWER LECITHIN, NATURAL FLAVORS, BAKING SODA, SALT, XANTHAN GUM, GUAR GUM ,,,,,,,,,,,,,,,,,,,,,,,,,,,,,,,,,,,,,,,,,,,,,,,,,,,,,,,,,,,,,,,,,,,,,,,,,,,,,,,,,,,,,,,,,,,,,
45288,Stock Inventory     ,6.32E+11,Clsc Gld Yerba Mate Sprklng OG,12 fl oz ,GUA YrbaMte Clsc Gld OG 12FZ,0,SHELF STABLE TEA & COFFEE RTD ,SS TEA RTD                    ,Guayaki                       ,Packaged Grocery              ,2 79,2/6/25 0:00,2/11/25 16:09,SPARKLING PURIFIED WATER,SPARKLING PURIFIED WATER,,,,,,,,,,,,,,,,,,,,,,,,,,,,,,,,,,,,,,,,,,,,,,,,,,,,,,,,,,,,,,,,,,,,,,,,,,,,,,,,,,,,,,,,,,,,,,,,,,,,,,,,,,,,,,,,,,
45243,Stock Inventory     ,44000050986,Crackers Original Sea Salt    ,8 5 oz ,TRI Crackers Orig Salt 8 5OZ,0,SHELF STABLE CRACKERS & CRISPB,SS CRACKERS CLASSIC & DELI    ,Triscuit                      ,Packaged Grocery              ,5 99,7/10/24 0:00,10/22/24 18:12,WHOLE GRAIN WHEAT,WHOLE GRAIN WHEAT,,,,,,,,,,,,,,,,,,,,,,,,,,,,,,,,,,,,,,,,,,,,,,,,,,,,,,,,,,,,,,,,,,,,,,,,,,,,,,,,,,,,,,,,,,,,,,,,,,,,,,,,,,,,,,,,,,
45315,Stock Inventory     ,73416533301,Rice Thai Red & White Jasmine ,8 oz                ,Rice Thai R&W Jasm              ,1,SHELF STABLE BEANS GRAINS & RI,SS RICE DRY                   ,Lundberg Farms                ,Packaged Grocery              ,3 49,3/19/18 0:00,1/7/19 10:57,"WATER, ORGANIC WHITE JASMINE RICE*, ORGANIC RED JASMINE RICE *",WATER, ORGANIC WHITE JASMINE RICE*, ORGANIC RED JASMINE RICE *,,,,,,,,,,,,,,,,,,,,,,,,,,,,,,,,,,,,,,,,,,,,,,,,,,,,,,,,,,,,,,,,,,,,,,,,,,,,,,,,,,,,,,,,,,,,,,,,,,,,,,,,,,,,,,,,
45314,Stock Inventory     ,73416533103,Rice Thai Brown Jasmine OG    ,8 oz                ,"RCE,OG2,THAI HOM,BRN JAS",1,SHELF STABLE BEANS GRAINS & RI,SS RICE DRY                   ,Lundberg Farms                ,Packaged Grocery              ,3 49,9/6/18 0:00,1/4/19 18:31,"WATER, +ORGANIC BROWN JASMINE RICE ",WATER, +ORGANIC BROWN JASMINE RICE ,,,,,,,,,,,,,,,,,,,,,,,,,,,,,,,,,,,,,,,,,,,,,,,,,,,,,,,,,,,,,,,,,,,,,,,,,,,,,,,,,,,,,,,,,,,,,,,,,,,,,,,,,,,,,,,,,
45313,Stock Inventory     ,8.73E+11,Coconut Sugar OG              ,16 oz               ,"COCONUT BROWN SUGAR,OG2",1,SHELF STABLE SWEETENERS       ,SS SWEETENERS GRANULATED OTHER,Big Tree                      ,Packaged Grocery              ,5 39,10/15/18 0:00,1/30/19 12:20,CERTIFIED ORGANIC FAIR TRADE GRANULATED COCONUT BLOSSOM NECTAR,CERTIFIED ORGANIC FAIR TRADE GRANULATED COCONUT BLOSSOM NECTAR,,,,,,,,,,,,,,,,,,,,,,,,,,,,,,,,,,,,,,,,,,,,,,,,,,,,,,,,,,,,,,,,,,,,,,,,,,,,,,,,,,,,,,,,,,,,,,,,,,,,,,,,,,,,,,,,,,
45265,Stock Inventory     ,8.52E+11,Chips Kale Multigrain & Seed  ,5 oz                ,Chips Kale Mltgrn Sd            ,1,SHELF STABLE CHIPS PRETZELS SN,SS TORTILLA & CORN CHIPS      ,Lukes                         ,Packaged Grocery              ,3 99,9/26/18 0:00,12/26/18 13:26,"LUKE'S ORGANIC GRAIN & SEED BLEND (CORN, BROWN RICE, MILLET, QUINOA, AMARANTH), LUKE'S ORGANIC OIL BLEND (SUNFLOWER, SAFFLOWER AND/OR RED PALM OLEIN), ORGANIC KALE, SEA SALT",LUKE'S ORGANIC GRAIN & SEED BLEND (CORN, BROWN RICE, MILLET, QUINOA, AMARANTH), LUKE'S ORGANIC OIL BLEND (SUNFLOWER, SAFFLOWER AND/OR RED PALM OLEIN), ORGANIC KALE, SEA SALT,,,,,,,,,,,,,,,,,,,,,,,,,,,,,,,,,,,,,,,,,,,,,,,,,,,,,,,,,,,,,,,,,,,,,,,,,,,,,,,,,,,,,,,,,,,,,,,,,,,,,,,,,,
45319,Stock Inventory     ,79746007031,Cookies Oatmeal Raisin        ,14 oz               ,Cookies Oatml Rsin              ,1,SHELF STABLE COOKIES & SNACK B,SS COOKIES                    ,Matt's Cookies                ,Packaged Grocery              ,5 39,6/6/18 0:00,10/15/18 16:43,OATS,OATS,,,,,,,,,,,,,,,,,,,,,,,,,,,,,,,,,,,,,,,,,,,,,,,,,,,,,,,,,,,,,,,,,,,,,,,,,,,,,,,,,,,,,,,,,,,,,,,,,,,,,,,,,,,,,,,,,,
45271,Stock Inventory     ,8.57E+11,Almond Butter Dark Chocolate Cups,3 2 oz ,UNR Cups Alm Btr Dk Choc 3 2OZ,0,SHELF STABLE CANDY            ,SS CANDY CHOCOLATE            ,Unreal                        ,Packaged Grocery              ,6 79,12/29/24 0:00,2/8/25 17:10,"Dark Chocolate (Chocolate Liquor++, Cane Sugar++, Cocoa Butter++, Organic Blue Agave Inulin, Sunflower Lecithin, Vanilla), Almonds, Organic Cane Sugar++, Organic Palm Oil**, Organic Blue Agave Inulin, Organic Coconut Flour, Sea Salt, Sunflower Lecithin ",Dark Chocolate (Chocolate Liquor++, Cane Sugar++, Cocoa Butter++, Organic Blue Agave Inulin, Sunflower Lecithin, Vanilla), Almonds, Organic Cane Sugar++, Organic Palm Oil**, Organic Blue Agave Inulin, Organic Coconut Flour, Sea Salt, Sunflower Lecithin ,,,,,,,,,,,,,,,,,,,,,,,,,,,,,,,,,,,,,,,,,,,,,,,,,,,,,,,,,,,,,,,,,,,,,,,,,,,,,,,,,,,,,,,,,,,,,,,,,,,,,,
45318,Stock Inventory     ,79746007017,Cookies Chocolate Chip        ,14 oz               ,Cookies Choc Chip               ,1,SHELF STABLE COOKIES & SNACK B,SS COOKIES                    ,Matt's Cookies                ,Packaged Grocery              ,5 39,6/13/18 0:00,7/30/18 15:49,UNBLEACHED WHEAT FLOUR,UNBLEACHED WHEAT FLOUR,,,,,,,,,,,,,,,,,,,,,,,,,,,,,,,,,,,,,,,,,,,,,,,,,,,,,,,,,,,,,,,,,,,,,,,,,,,,,,,,,,,,,,,,,,,,,,,,,,,,,,,,,,,,,,,,,,
45244,Stock Inventory     ,8.57E+11,Cookies Halfmoon 3pk          ,8 oz                ,Cookies Halfmoon 3pk            ,1,SHELF STABLE COOKIES & SNACK B,SS COOKIES                    ,The Cookie Connection         ,Packaged Grocery              ,7 59,9/19/17 0:00,3/11/18 18:31,,,,,,,,,,,,,,,,,,,,,,,,,,,,,,,,,,,,,,,,,,,,,,,,,,,,,,,,,,,,,,,,,,,,,,,,,,,,,,,,,,,,,,,,,,,,,,,,,,,,,,,,,,,,,,,,,,,,
45317,Stock Inventory     ,73416533400,Rice Thai White Jasmine OG    ,8 oz ,LF Rice Thai White Jasm 8OZ,1,SHELF STABLE BEANS GRAINS & RI,SS RICE DRY                   ,Lundberg Farms                ,Packaged Grocery              ,4 99,4/6/23 0:00,7/23/23 13:37,"WATER, +ORGANIC WHITE JASMINE RICE ",WATER, +ORGANIC WHITE JASMINE RICE ,,,,,,,,,,,,,,,,,,,,,,,,,,,,,,,,,,,,,,,,,,,,,,,,,,,,,,,,,,,,,,,,,,,,,,,,,,,,,,,,,,,,,,,,,,,,,,,,,,,,,,,,,,,,,,,,,
45269,Stock Inventory     ,8.56E+11,Dark Chocolate Crispy Quinoa Gems,6 oz ,UNR Gems DkChc Crsp Qnoa 6OZ,0,SHELF STABLE CANDY            ,SS CANDY CHOCOLATE            ,Unreal                        ,Packaged Grocery              ,6 79,2/5/25 0:00,2/9/25 14:45,"DARK CHOCOLATE (CHOCOLATE LIQUOR++, CANE SUGAR++, COCOA BUTTER++, VANILLA), ORGANIC CANE SUGAR++, ORGANIC QUINOA CRISP, GUM ACACIA, COLORED WITH (BEET JUICE, SPIRULINA EXTRACT), ORGANIC TAPIOCA SYRUP, CARNAUBA WAX ",DARK CHOCOLATE (CHOCOLATE LIQUOR++, CANE SUGAR++, COCOA BUTTER++, VANILLA), ORGANIC CANE SUGAR++, ORGANIC QUINOA CRISP, GUM ACACIA, COLORED WITH (BEET JUICE, SPIRULINA EXTRACT), ORGANIC TAPIOCA SYRUP, CARNAUBA WAX ,,,,,,,,,,,,,,,,,,,,,,,,,,,,,,,,,,,,,,,,,,,,,,,,,,,,,,,,,,,,,,,,,,,,,,,,,,,,,,,,,,,,,,,,,,,,,,,,,,,,,,,,
45316,Stock Inventory     ,73416533202,Rice Thai Red Jasmine OG      ,8 oz                ,Rice Thai Red Jasm              ,1,SHELF STABLE BEANS GRAINS & RI,SS RICE DRY                   ,Lundberg Farms                ,Packaged Grocery              ,3 49,7/22/19 0:00,8/18/19 16:43,"WATER, ORGANIC BROWN JASMINE RICE* ",WATER, ORGANIC BROWN JASMINE RICE* ,,,,,,,,,,,,,,,,,,,,,,,,,,,,,,,,,,,,,,,,,,,,,,,,,,,,,,,,,,,,,,,,,,,,,,,,,,,,,,,,,,,,,,,,,,,,,,,,,,,,,,,,,,,,,,,,,
45268,Stock Inventory     ,8.57E+11,Dark Chocolate Peanuts Gems,6 oz ,UNR Gems DrkChoc Pnts 6OZ,0,SHELF STABLE CANDY            ,SS CANDY CHOCOLATE            ,Unreal                        ,Packaged Grocery              ,6 79,1/30/25 0:00,2/5/25 12:59,"Dark Chocolate (Chocolate Liquor++, Cane Sugar++, Cocoa Butter++, Vanilla), Roasted Peanuts (Peanuts, Peanut Oil), Organic Cane Sugar++, Gum Acacia, Colored With (Beet Juice, Spirulina Extract), Organic Tapioca Syrup, Carnauba Wax ",Dark Chocolate (Chocolate Liquor++, Cane Sugar++, Cocoa Butter++, Vanilla), Roasted Peanuts (Peanuts, Peanut Oil), Organic Cane Sugar++, Gum Acacia, Colored With (Beet Juice, Spirulina Extract), Organic Tapioca Syrup, Carnauba Wax ,,,,,,,,,,,,,,,,,,,,,,,,,,,,,,,,,,,,,,,,,,,,,,,,,,,,,,,,,,,,,,,,,,,,,,,,,,,,,,,,,,,,,,,,,,,,,,,,,,,,,,,
45323,Stock Inventory     ,58449160021,Biscuits Blueberry Chia OG    ,7 oz                ,Biscuits Blbery Chia            ,1,SHELF STABLE COOKIES & SNACK B,SS COOKIES                    ,Nature's Path                 ,Packaged Grocery              ,5 29,7/2/18 0:00,10/20/18 16:45,"WHOLE GRAIN ROLLED OATS*, WHEAT FLOUR*, SUNFLOWER OIL*, WHOLE WHEAT FLOUR*, INVERT CANE SYRUP*, CANE SUGAR*, CHIA SEEDS*, DRIED BLUEBERRIES* (WILD BLUEBERRIES*, APPLE JUICE CONCENTRATE*, SUNFLOWER OIL*), ANCIENT GRAIN BLEND* (KAMUT KHORASAN WHEAT*, QUINOA*, AMARANTH*), BLUEBERRY FLAVOR*, BUTTER FLAVOR* (MILK), LEAVENING (SODIUM BICARBONATE, AMMONIUM BICARBONATE), SEA SALT, SUNFLOWER LECITHIN ",WHOLE GRAIN ROLLED OATS*, WHEAT FLOUR*, SUNFLOWER OIL*, WHOLE WHEAT FLOUR*, INVERT CANE SYRUP*, CANE SUGAR*, CHIA SEEDS*, DRIED BLUEBERRIES* (WILD BLUEBERRIES*, APPLE JUICE CONCENTRATE*, SUNFLOWER OIL*), ANCIENT GRAIN BLEND* (KAMUT KHORASAN WHEAT*, QUINOA*, AMARANTH*), BLUEBERRY FLAVOR*, BUTTER FLAVOR* (MILK), LEAVENING (SODIUM BICARBONATE, AMMONIUM BICARBONATE), SEA SALT, SUNFLOWER LECITHIN ,,,,,,,,,,,,,,,,,,,,,,,,,,,,,,,,,,,,,,,,,,,,,,,,,,,,,,,,,,,,,,,,,,,,,,,,,,,,,,,,,,,,,,,,,,,,,,,,
45088,Stock Inventory     ,47445960131,Tea Reishi Matcha OG          ,16 ct ,Tea Reishi Matcha               ,1,SHELF STABLE TEA              ,SS TEA BAGS GREEN & WHITE     ,Choice Organic Teas           ,Packaged Grocery              ,5 39,11/19/18 0:00,2/3/19 19:13,,,,,,,,,,,,,,,,,,,,,,,,,,,,,,,,,,,,,,,,,,,,,,,,,,,,,,,,,,,,,,,,,,,,,,,,,,,,,,,,,,,,,,,,,,,,,,,,,,,,,,,,,,,,,,,,,,,,
45170,Stock Inventory     ,70734535796,Herb Tea Sangria Zinger Decaff,20 ct ,Herb Tea Sngria Zngr            ,1,SHELF STABLE TEA              ,SS TEA BAGS HERBAL            ,Celestial Seasonings          ,Packaged Grocery              ,3 99,5/13/20 0:00,6/28/20 9:49,HIBISCUS,HIBISCUS,,,,,,,,,,,,,,,,,,,,,,,,,,,,,,,,,,,,,,,,,,,,,,,,,,,,,,,,,,,,,,,,,,,,,,,,,,,,,,,,,,,,,,,,,,,,,,,,,,,,,,,,,,,,,,,,,,
45220,Stock Inventory     ,8.99E+11,Bar Infinity Protein Health   ,2 3 oz              ,Bar Infnty Prtn Hlth            ,1,FOOD SUPPLEMENTS              ,SUPPLEMENTS GREEN FOOD        ,Billy's                       ,Packaged Grocery              ,4 59,9/15/17 0:00,3/7/18 16:17,,,,,,,,,,,,,,,,,,,,,,,,,,,,,,,,,,,,,,,,,,,,,,,,,,,,,,,,,,,,,,,,,,,,,,,,,,,,,,,,,,,,,,,,,,,,,,,,,,,,,,,,,,,,,,,,,,,,
45173,Stock Inventory     ,8.59E+11,Waffle Thins Cheddar Parmesan ,5 oz                ,Waffle Thns ChdrPrmn            ,1,SHELF STABLE CRACKERS & CRISPB,SS CRACKERS SNACK & SANDWICH  ,Julian's Recipe               ,Packaged Grocery              ,4 19,4/23/18 0:00,7/9/18 13:28,,,,,,,,,,,,,,,,,,,,,,,,,,,,,,,,,,,,,,,,,,,,,,,,,,,,,,,,,,,,,,,,,,,,,,,,,,,,,,,,,,,,,,,,,,,,,,,,,,,,,,,,,,,,,,,,,,,,
45122,Stock Inventory     ,8.60E+11,Bar Dark Choc Peanut Butter OG,1 5 oz ,OCH Bar Dark Choc PB 1 5OZ,1,SHELF STABLE CANDY            ,SS CANDY CHOCOLATE            ,Ocho                          ,Packaged Grocery              ,1 99,7/8/21 0:00,10/18/21 13:26,,,,,,,,,,,,,,,,,,,,,,,,,,,,,,,,,,,,,,,,,,,,,,,,,,,,,,,,,,,,,,,,,,,,,,,,,,,,,,,,,,,,,,,,,,,,,,,,,,,,,,,,,,,,,,,,,,,,
45121,Stock Inventory     ,8.98E+11,Patties Honey Choc Almond     ,1 16 oz             ,Pats Hny Chc Almnd              ,1,SHELF STABLE CANDY            ,SS CANDY CHOCOLATE            ,Heavenly Organics             ,Packaged Grocery              ,1 49,2/28/18 0:00,4/24/19 16:44,"RAW ORGANIC WHITE HONEY*, UNSWEETENED ORGANIC DARK CHOCOLATE*, NATURAL ALMOND FLAVOR",RAW ORGANIC WHITE HONEY*, UNSWEETENED ORGANIC DARK CHOCOLATE*, NATURAL ALMOND FLAVOR,,,,,,,,,,,,,,,,,,,,,,,,,,,,,,,,,,,,,,,,,,,,,,,,,,,,,,,,,,,,,,,,,,,,,,,,,,,,,,,,,,,,,,,,,,,,,,,,,,,,,,,,,,,,,,,,
45178,Stock Inventory     ,6.06E+11,Real Stick Turkey Honey Mustrd,1 oz ,VS& Real Stck Trk HnyMst 1OZ,1,SHELF STABLE JERKY & MEAT SNAC,SS MEAT SNACKS OTHER          ,Vermont Smoke & Cure          ,Meat                          ,1 99,9/23/21 0:00,1/6/22 13:30,"TURKEY, HONEY POWDER, SEA SALT, LESS THAN 2% OF: GROUND MUSTARD, CHERRY POWDER, CELERY POWDER, SUGAR, SPICES, LACTIC ACID STARTER CULTURE (NOT FROM MILK)  ENCASED IN COLORED (BETA-CAROTENE, CARAMEL) BEEF COLLAGEN CASING ",TURKEY, HONEY POWDER, SEA SALT, LESS THAN 2% OF: GROUND MUSTARD, CHERRY POWDER, CELERY POWDER, SUGAR, SPICES, LACTIC ACID STARTER CULTURE (NOT FROM MILK)  ENCASED IN COLORED (BETA-CAROTENE, CARAMEL) BEEF COLLAGEN CASING ,,,,,,,,,,,,,,,,,,,,,,,,,,,,,,,,,,,,,,,,,,,,,,,,,,,,,,,,,,,,,,,,,,,,,,,,,,,,,,,,,,,,,,,,,,,,,,,,,,,,,,,,,
45177,Stock Inventory     ,6.06E+11,Real Stick Turkey Pepperoni   ,1 oz ,VS& Real Stick Trky Ppni 1OZ,0,SHELF STABLE JERKY & MEAT SNAC,SS MEAT SNACKS OTHER          ,Vermont Smoke & Cure          ,Meat                          ,1 99,2/6/25 0:00,2/8/25 17:45,"TURKEY, SEA SALT, LESS THAN 2% OF: SPICES, SUGAR, PAPRIKA, CELERY POWDER, CHERRY POWDER, SPICE EXTRACTIVES, GARLIC POWDER, LACTIC ACID STARTER CULTURE (NOT FROM MILK), ENCASED IN COLORED (BETA-CAROTENE, CARAMEL) BEEF COLLAGEN CASING ",TURKEY, SEA SALT, LESS THAN 2% OF: SPICES, SUGAR, PAPRIKA, CELERY POWDER, CHERRY POWDER, SPICE EXTRACTIVES, GARLIC POWDER, LACTIC ACID STARTER CULTURE (NOT FROM MILK), ENCASED IN COLORED (BETA-CAROTENE, CARAMEL) BEEF COLLAGEN CASING ,,,,,,,,,,,,,,,,,,,,,,,,,,,,,,,,,,,,,,,,,,,,,,,,,,,,,,,,,,,,,,,,,,,,,,,,,,,,,,,,,,,,,,,,,,,,,,,,,,,,,,,
45125,Stock Inventory     ,8.57E+11,Cashews Roasted Unsalted OG   ,8 oz                ,Cashews Rstd Unsltd             ,1,SHELF STABLE NUTS & TRAIL MIX ,SS NUTS                       ,Tierra Farm                   ,Packaged Grocery              ,7 19,8/24/17 0:00,12/7/17 8:26,,,,,,,,,,,,,,,,,,,,,,,,,,,,,,,,,,,,,,,,,,,,,,,,,,,,,,,,,,,,,,,,,,,,,,,,,,,,,,,,,,,,,,,,,,,,,,,,,,,,,,,,,,,,,,,,,,,,
45183,Stock Inventory     ,71537020250,Sparkling Water RubyRed Grpfrt,33 8 fl oz ,PS SparkWtr RbyRdGrpfrt 33 8FZ,0,SHELF STABLE WATER            ,SS WATER SPARKLING FLAVORED   ,Polar Seltzer                 ,Packaged Grocery              ,1 29,1/30/25 0:00,2/10/25 18:53,,,,,,,,,,,,,,,,,,,,,,,,,,,,,,,,,,,,,,,,,,,,,,,,,,,,,,,,,,,,,,,,,,,,,,,,,,,,,,,,,,,,,,,,,,,,,,,,,,,,,,,,,,,,,,,,,,,,
45107,Stock Inventory     ,8.54E+11,Cookies Snicker Doodle Bag GF ,8 oz                ,"COOKIES,SNICKERDOODLE,BA",1,SHELF STABLE COOKIES & SNACK B,SS COOKIES                    ,Wow Baking                    ,Packaged Grocery              ,6 39,8/23/17 22:57,12/20/17 20:57,"INGREDIENTS GLUTEN FREE FLOUR (BROWN RICE, SWEET RICE, TAPIOCA)",INGREDIENTS GLUTEN FREE FLOUR (BROWN RICE, SWEET RICE, TAPIOCA),,,,,,,,,,,,,,,,,,,,,,,,,,,,,,,,,,,,,,,,,,,,,,,,,,,,,,,,,,,,,,,,,,,,,,,,,,,,,,,,,,,,,,,,,,,,,,,,,,,,,,,,,,,,,,,,
45214,Stock Inventory     ,8.10E+11,Candy Corn OG                 ,10 /  7 oz ,YUM Candy Corn OG 10PK,1,SHELF STABLE CANDY            ,SS CANDY NON CHOCOLATE        ,YumEarth                      ,Packaged Grocery              ,7 29,9/27/21 0:00,12/12/21 17:48,,,,,,,,,,,,,,,,,,,,,,,,,,,,,,,,,,,,,,,,,,,,,,,,,,,,,,,,,,,,,,,,,,,,,,,,,,,,,,,,,,,,,,,,,,,,,,,,,,,,,,,,,,,,,,,,,,,,
45087,Stock Inventory     ,47445960148,Tea Reishi Detox OG           ,16 ct ,Tea Reishi Detox OG             ,1,SHELF STABLE TEA              ,SS TEA BAGS WELLNESS          ,Choice Organic Teas           ,Packaged Grocery              ,5 39,6/5/19 0:00,10/21/19 17:26,,,,,,,,,,,,,,,,,,,,,,,,,,,,,,,,,,,,,,,,,,,,,,,,,,,,,,,,,,,,,,,,,,,,,,,,,,,,,,,,,,,,,,,,,,,,,,,,,,,,,,,,,,,,,,,,,,,,
45186,Stock Inventory     ,71537020380,Seltzer Georgia Peach,33 8 fl oz ,PS Seltzer Georgia Peach 33 8FZ,0,SHELF STABLE WATER            ,SS WATER SPARKLING FLAVORED   ,Polar Seltzer                 ,Packaged Grocery              ,1 29,2/6/25 0:00,2/1/25 14:52,,,,,,,,,,,,,,,,,,,,,,,,,,,,,,,,,,,,,,,,,,,,,,,,,,,,,,,,,,,,,,,,,,,,,,,,,,,,,,,,,,,,,,,,,,,,,,,,,,,,,,,,,,,,,,,,,,,,
45185,Stock Inventory     ,71537020885,Seltzer Toasted Cocont,33 8 fl oz ,PS Seltzer Tstd Ccnut 33 8FZ,1,SHELF STABLE WATER            ,SS WATER SPARKLING FLAVORED   ,Polar Seltzer                 ,Packaged Grocery              ,1 19,6/16/22 0:00,7/25/22 15:50,CONTAINS CARBONATED WATER,CONTAINS CARBONATED WATER,,,,,,,,,,,,,,,,,,,,,,,,,,,,,,,,,,,,,,,,,,,,,,,,,,,,,,,,,,,,,,,,,,,,,,,,,,,,,,,,,,,,,,,,,,,,,,,,,,,,,,,,,,,,,,,,,,
45184,Stock Inventory     ,71537020403,Seltzer Blueberry Limonade,33 8 fl oz ,PS Seltzer Blubry Lmnd 33 8FZ,0,SHELF STABLE WATER            ,SS WATER SPARKLING FLAVORED   ,Polar Seltzer                 ,Packaged Grocery              ,1 29,1/30/25 0:00,2/7/25 15:29,CARBONATED WATER,CARBONATED WATER,,,,,,,,,,,,,,,,,,,,,,,,,,,,,,,,,,,,,,,,,,,,,,,,,,,,,,,,,,,,,,,,,,,,,,,,,,,,,,,,,,,,,,,,,,,,,,,,,,,,,,,,,,,,,,,,,,
45114,Stock Inventory     ,8.58E+11,Banana Bite Original OG       ,1 4 oz              ,Banana Bite Originl             ,1,SHELF STABLE NUTS & TRAIL MIX ,SS FRUITS DRIED               ,Barnana                       ,Packaged Grocery              ,2 19,9/5/18 0:00,4/24/19 12:11,,,,,,,,,,,,,,,,,,,,,,,,,,,,,,,,,,,,,,,,,,,,,,,,,,,,,,,,,,,,,,,,,,,,,,,,,,,,,,,,,,,,,,,,,,,,,,,,,,,,,,,,,,,,,,,,,,,,
45113,Stock Inventory     ,8.58E+11,Banana Bite Coconut OG        ,1 4 oz              ,Banana Bite Coconut             ,1,SHELF STABLE NUTS & TRAIL MIX ,SS FRUITS DRIED               ,Barnana                       ,Packaged Grocery              ,2 19,10/14/17 6:42,7/22/18 11:40,BANANASA1,BANANASA1,,,,,,,,,,,,,,,,,,,,,,,,,,,,,,,,,,,,,,,,,,,,,,,,,,,,,,,,,,,,,,,,,,,,,,,,,,,,,,,,,,,,,,,,,,,,,,,,,,,,,,,,,,,,,,,,,,
45112,Stock Inventory     ,8.58E+11,Banana Bite Chocolate OG      ,1 4 oz              ,"BAN BITES,OG2,CHOC CHEWY",1,SHELF STABLE NUTS & TRAIL MIX ,SS FRUITS DRIED               ,Barnana                       ,Packaged Grocery              ,2 19,8/27/18 0:00,9/30/18 13:46,"ORGANIC DARK CHOCOLATE (ORGANIC DRIED CANE SYRUP, ORGANIC CACAO MASS, ORGANIC CACAO BUTTER, ORGANIC SOY LECITHIN, ORGANIC BANANAS, ORGANIC DRIED CANE SYRUP ORGANIC TAPIOCA SYRUP, ORGANIC GUM ARABIC, NATURAL GLAZE ",ORGANIC DARK CHOCOLATE (ORGANIC DRIED CANE SYRUP, ORGANIC CACAO MASS, ORGANIC CACAO BUTTER, ORGANIC SOY LECITHIN, ORGANIC BANANAS, ORGANIC DRIED CANE SYRUP ORGANIC TAPIOCA SYRUP, ORGANIC GUM ARABIC, NATURAL GLAZE ,,,,,,,,,,,,,,,,,,,,,,,,,,,,,,,,,,,,,,,,,,,,,,,,,,,,,,,,,,,,,,,,,,,,,,,,,,,,,,,,,,,,,,,,,,,,,,,,,,,,,,,,,,,
45118,Stock Inventory     ,8.98E+11,Patties Honey Choc Mint       ,1 16 oz             ,"HONEY PATTIE,OG2,CHC MNT",1,SHELF STABLE CANDY            ,SS CANDY CHOCOLATE            ,Heavenly Organics             ,Packaged Grocery              ,1 49,4/5/18 18:04,11/7/18 19:48,"RAW ORGANIC WHITE HONEY*, UNSWEETENED ORGANIC DARK CHOCOLATE*, NATURAL PEPPERMINT OIL",RAW ORGANIC WHITE HONEY*, UNSWEETENED ORGANIC DARK CHOCOLATE*, NATURAL PEPPERMINT OIL,,,,,,,,,,,,,,,,,,,,,,,,,,,,,,,,,,,,,,,,,,,,,,,,,,,,,,,,,,,,,,,,,,,,,,,,,,,,,,,,,,,,,,,,,,,,,,,,,,,,,,,,,,,,,,,,
45117,Stock Inventory     ,8.98E+11,Patties Honey Choc Double Dark,1 16 oz             ,Pats Hny Choc DbDrk             ,1,SHELF STABLE CANDY            ,SS CANDY CHOCOLATE            ,Heavenly Organics             ,Packaged Grocery              ,1 49,4/5/18 18:04,12/15/18 16:28,"RAW ORGANIC WHITE HONEY*, UNSWEETENED ORGANIC DARK CHOCOLATE*",RAW ORGANIC WHITE HONEY*, UNSWEETENED ORGANIC DARK CHOCOLATE*,,,,,,,,,,,,,,,,,,,,,,,,,,,,,,,,,,,,,,,,,,,,,,,,,,,,,,,,,,,,,,,,,,,,,,,,,,,,,,,,,,,,,,,,,,,,,,,,,,,,,,,,,,,,,,,,,
45219,Stock Inventory     ,71537020199,Seltzer Cherry Pomegranate,33 8 fl oz ,PS Seltzer Cherry Pome 33 8FZ,1,SHELF STABLE WATER            ,SS WATER SPARKLING FLAVORED   ,Polar Seltzer                 ,Packaged Grocery              ,1 19,8/6/20 0:00,8/26/23 17:37,,,,,,,,,,,,,,,,,,,,,,,,,,,,,,,,,,,,,,,,,,,,,,,,,,,,,,,,,,,,,,,,,,,,,,,,,,,,,,,,,,,,,,,,,,,,,,,,,,,,,,,,,,,,,,,,,,,,
44729,Stock Inventory     ,8.43E+11,Chocolate Chips White RiceMilk,7 oz                ,"WHT BKNG CHP,OG2,RCE PWD",1,SHELF STABLE BAKING MIX & INGR,SS BAKING INGREDIENTS         ,Pascha                        ,Packaged Grocery              ,8 19,12/12/17 0:00,8/2/18 14:12,ORGANIC COCOA BUTTER*,ORGANIC COCOA BUTTER*,,,,,,,,,,,,,,,,,,,,,,,,,,,,,,,,,,,,,,,,,,,,,,,,,,,,,,,,,,,,,,,,,,,,,,,,,,,,,,,,,,,,,,,,,,,,,,,,,,,,,,,,,,,,,,,,,,
44755,Stock Inventory     ,8.58E+11,Tea Guayusa Lime Zero OG      ,14 fl oz            ,Tea Guayusa Lime Z              ,1,SHELF STABLE TEA & COFFEE RTD ,SS TEA RTD                    ,Runa                          ,Packaged Grocery              ,2 39,6/6/18 0:00,8/14/18 13:16,"Brewed Organic Guayusa (Purified Water and Organic Guayusa Leaves**), Organic Lime Juice Concentrate, Organic Lime Extract, Natural Flavor, Vitamin C (Ascorbic Acid) 
**Organic & Fair Trade Certified ",Brewed Organic Guayusa (Purified Water and Organic Guayusa Leaves**), Organic Lime Juice Concentrate, Organic Lime Extract, Natural Flavor, Vitamin C (Ascorbic Acid) ,,,,,,,,,,,,,,,,,,,,,,,,,,,,,,,,,,,,,,,,,,,,,,,,,,,,,,,,,,,,,,,,,,,,,,,,,,,,,,,,,,,,,,,,,,,,,,,,,,,,,,,,,,,,,,
44728,Stock Inventory     ,8.43E+11,Chocolate Chips Rice Milk     ,7 oz                ,"BAKING CHIP,OG2,CHOC,RIC",1,SHELF STABLE BAKING MIX & INGR,SS BAKING INGREDIENTS         ,Pascha                        ,Packaged Grocery              ,8 19,12/5/17 20:00,9/26/18 14:55,ORGANIC CANE SUGAR,ORGANIC CANE SUGAR,,,,,,,,,,,,,,,,,,,,,,,,,,,,,,,,,,,,,,,,,,,,,,,,,,,,,,,,,,,,,,,,,,,,,,,,,,,,,,,,,,,,,,,,,,,,,,,,,,,,,,,,,,,,,,,,,,
44754,Stock Inventory     ,8.58E+11,Tea Guayusa Hibiscus Berry OG ,14 fl oz            ,Tea Guysa Hbscs Bry             ,1,SHELF STABLE TEA & COFFEE RTD ,SS TEA RTD                    ,Runa                          ,Packaged Grocery              ,3 19,9/17/20 16:47,10/5/20 14:50,"ORGANIC SUGAR CANE**, BREW ORGANIC GUAYUSA (PURIFIED WATER AND ORGANIC GUAYUSA LEAVES**), ORGANIC BREW HIBISCUS, ORGANIC BLUEBERRY FLAVOR, ORGANIC YUMBERRY FLAVOR, NATURAL FLAVOR, CITRIC ACID, VITAMIN C (ASCORBIC ACID) ",ORGANIC SUGAR CANE**, BREW ORGANIC GUAYUSA (PURIFIED WATER AND ORGANIC GUAYUSA LEAVES**), ORGANIC BREW HIBISCUS, ORGANIC BLUEBERRY FLAVOR, ORGANIC YUMBERRY FLAVOR, NATURAL FLAVOR, CITRIC ACID, VITAMIN C (ASCORBIC ACID) ,,,,,,,,,,,,,,,,,,,,,,,,,,,,,,,,,,,,,,,,,,,,,,,,,,,,,,,,,,,,,,,,,,,,,,,,,,,,,,,,,,,,,,,,,,,,,,,,,,,,,,,,,,,
44753,Stock Inventory     ,8.58E+11,Tea Guayusa Guava Zero OG     ,14 fl oz            ,Tea Guayusa Guava Z             ,1,SHELF STABLE TEA & COFFEE RTD ,SS TEA RTD                    ,Runa                          ,Packaged Grocery              ,2 39,5/7/18 0:00,7/10/18 17:09,"BREWED ORGANIC GUAYUSA PURIFIED WATER AND ORGANIC GUAYUSA LEAVES**), ORGANIC GUAVA FLAVOR, ORGANIC LEMON JUICE CONCENTRATE, NATURAL FLAVOR, CITRIC ACID, VITAMIN C (ASCORBIC ACID)  **ORGANIC & FAIR TRADE CERTIFIED INGREDIENTS ",BREWED ORGANIC GUAYUSA PURIFIED WATER AND ORGANIC GUAYUSA LEAVES**), ORGANIC GUAVA FLAVOR, ORGANIC LEMON JUICE CONCENTRATE, NATURAL FLAVOR, CITRIC ACID, VITAMIN C (ASCORBIC ACID)  **ORGANIC & FAIR TRADE CERTIFIED INGREDIENTS ,,,,,,,,,,,,,,,,,,,,,,,,,,,,,,,,,,,,,,,,,,,,,,,,,,,,,,,,,,,,,,,,,,,,,,,,,,,,,,,,,,,,,,,,,,,,,,,,,,,,,,,,,,,,,
44752,Stock Inventory     ,8.58E+11,Drink Energy Orange Passion OG,12 fl oz            ,Drink Enrgy OrngPss             ,1,SHELF STABLE FUNCTIONAL BEVERA,SS ENERGY & OTHER FUNCTIONAL B,Runa                          ,Packaged Grocery              ,2 79,10/5/18 0:00,12/19/18 8:14,ORGANIC BREWED GUAYUSA*,ORGANIC BREWED GUAYUSA*,,,,,,,,,,,,,,,,,,,,,,,,,,,,,,,,,,,,,,,,,,,,,,,,,,,,,,,,,,,,,,,,,,,,,,,,,,,,,,,,,,,,,,,,,,,,,,,,,,,,,,,,,,,,,,,,,,
44759,Stock Inventory     ,75720000609,Water Spring Distilled        ,1 gal ,PS Water Spring Dstld 1GL,1,SHELF STABLE WATER            ,SS WATER BULK                 ,Poland Spring                 ,Packaged Grocery              ,2 99,6/1/23 0:00,7/31/23 17:49,,,,,,,,,,,,,,,,,,,,,,,,,,,,,,,,,,,,,,,,,,,,,,,,,,,,,,,,,,,,,,,,,,,,,,,,,,,,,,,,,,,,,,,,,,,,,,,,,,,,,,,,,,,,,,,,,,,,
44756,Stock Inventory     ,8.58E+11,Tea Guayusa Mint OG           ,14 fl oz            ,Tea Guayusa Mint                ,1,SHELF STABLE TEA & COFFEE RTD ,SS TEA RTD                    ,Runa                          ,Packaged Grocery              ,2 39,5/7/18 0:00,7/11/18 15:18,"ORGANIC SUGAR CANE**, BREWED ORGANIC GUAYUSA (PURIFIED WATER AND ORGANIC GUAYUSA LEAVES**), ORGANIC SPEARMINT EXTRACT, ORGANIC SPEARMINT ESSENCE, CITRIC ACID, VITAMIN C (ASCORBIC ACID) ",ORGANIC SUGAR CANE**, BREWED ORGANIC GUAYUSA (PURIFIED WATER AND ORGANIC GUAYUSA LEAVES**), ORGANIC SPEARMINT EXTRACT, ORGANIC SPEARMINT ESSENCE, CITRIC ACID, VITAMIN C (ASCORBIC ACID) ,,,,,,,,,,,,,,,,,,,,,,,,,,,,,,,,,,,,,,,,,,,,,,,,,,,,,,,,,,,,,,,,,,,,,,,,,,,,,,,,,,,,,,,,,,,,,,,,,,,,,,,,,,,,,
44763,Stock Inventory     ,8.54E+11,Bagels Everything Sliced GF   ,14 oz ,CB Bagels Evrthg Slcd 14OZ,1,BREAD & BAKED GOODS           ,BAGELS & ENGLISH MUFFINS      ,Canyon Bakehouse              ,Frozen                        ,7 99,12/20/21 0:00,11/23/22 16:33,"WATER, TAPIOCA FLOUR, BROWN RICE FLOUR, POTATO STARCH, CULTURED RICE FLOUR, ORGANIC AGAVE SYRUP, EXTRA VIRGIN OLIVE OIL, WHOLE GRAIN SORGHUM FLOUR, XANTHAN GUM, EGG WHITES, DEHYDRATED ONION, DEHYDRATED GARLIC, BAKING POWDER (SODIUM ACID PYROPHOSPHATE, SODIUM BICARBONATE, POTATO FLOUR, MONO CALCIUM PHOSPHATE), SUNFLOWER SEEDS, YEAST, SEA SALT, GOLDEN FLAX SEEDS, POPPY SEEDS, ENZYMES ",WATER, TAPIOCA FLOUR, BROWN RICE FLOUR, POTATO STARCH, CULTURED RICE FLOUR, ORGANIC AGAVE SYRUP, EXTRA VIRGIN OLIVE OIL, WHOLE GRAIN SORGHUM FLOUR, XANTHAN GUM, EGG WHITES, DEHYDRATED ONION, DEHYDRATED GARLIC, BAKING POWDER (SODIUM ACID PYROPHOSPHATE, SODIUM BICARBONATE, POTATO FLOUR, MONO CALCIUM PHOSPHATE), SUNFLOWER SEEDS, YEAST, SEA SALT, GOLDEN FLAX SEEDS, POPPY SEEDS, ENZYMES ,,,,,,,,,,,,,,,,,,,,,,,,,,,,,,,,,,,,,,,,,,,,,,,,,,,,,,,,,,,,,,,,,,,,,,,,,,,,,,,,,,,,,,,,,,,,,
44786,Stock Inventory     ,42563603847,Honey Raw Wildflower OG       ,12 oz ,FD Honey Raw Wildflowr 12OZ,0,SHELF STABLE SWEETENERS       ,SS HONEY                      ,Field Day                     ,Packaged Grocery              ,5 99,2/2/25 0:00,2/10/25 9:58,100% ORGANIC GRADE A HONEY ,100% ORGANIC GRADE A HONEY ,,,,,,,,,,,,,,,,,,,,,,,,,,,,,,,,,,,,,,,,,,,,,,,,,,,,,,,,,,,,,,,,,,,,,,,,,,,,,,,,,,,,,,,,,,,,,,,,,,,,,,,,,,,,,,,,,,
44785,Stock Inventory     ,42563603830,Applesauce Cinnamon OG        ,24 oz ,FD Applesauce Cinnamon 24OZ,0,SHELF STABLE FRUITS & VEGETABL,SS FRUITS                     ,Field Day                     ,Packaged Grocery              ,3 49,1/22/25 0:00,2/7/25 12:33,ORGANIC APPLES,ORGANIC APPLES,,,,,,,,,,,,,,,,,,,,,,,,,,,,,,,,,,,,,,,,,,,,,,,,,,,,,,,,,,,,,,,,,,,,,,,,,,,,,,,,,,,,,,,,,,,,,,,,,,,,,,,,,,,,,,,,,,
44784,Stock Inventory     ,42563603755,Honey Raw Wildflower OG       ,16 oz ,FD Honey Raw Wildflowr 16OZ,0,SHELF STABLE SWEETENERS       ,SS HONEY                      ,Field Day                     ,Packaged Grocery              ,6 99,1/20/25 0:00,2/3/25 16:19,100% ORGANIC GRADE A HONEY ,100% ORGANIC GRADE A HONEY ,,,,,,,,,,,,,,,,,,,,,,,,,,,,,,,,,,,,,,,,,,,,,,,,,,,,,,,,,,,,,,,,,,,,,,,,,,,,,,,,,,,,,,,,,,,,,,,,,,,,,,,,,,,,,,,,,,
44764,Stock Inventory     ,8.54E+11,Bread Cinnamon Raisin GF      ,18 oz ,CB Bread Cinnmn Raisin 18OZ,1,BREAD & BAKED GOODS           ,BREAD LOAVES                  ,Canyon Bakehouse              ,Frozen                        ,6 99,8/27/21 0:00,10/21/21 15:34,"WATER, BROWN RICE FLOUR, RAISINS, TAPIOCA FLOUR, WHOLE GRAIN SORGHUM FLOUR, ORGANIC AGAVE SYRUP, EGGS, XANTHAN GUM, EXTRA VIRGIN OLIVE OIL, CULTURED RICE FLOUR, EGG WHITES, SUNFLOWER SEEDS, ORGANIC CANE SUGAR, CINNAMON, YEAST, SEA SALT, ENZYMES ",WATER, BROWN RICE FLOUR, RAISINS, TAPIOCA FLOUR, WHOLE GRAIN SORGHUM FLOUR, ORGANIC AGAVE SYRUP, EGGS, XANTHAN GUM, EXTRA VIRGIN OLIVE OIL, CULTURED RICE FLOUR, EGG WHITES, SUNFLOWER SEEDS, ORGANIC CANE SUGAR, CINNAMON, YEAST, SEA SALT, ENZYMES ,,,,,,,,,,,,,,,,,,,,,,,,,,,,,,,,,,,,,,,,,,,,,,,,,,,,,,,,,,,,,,,,,,,,,,,,,,,,,,,,,,,,,,,,,,,,,,,,,,
44751,Stock Inventory     ,8.58E+11,Drink Clean Enrgy Zero Lime OG,12 fl oz ,RUN Drink ClnEnrg Lime 12FZ,1,SHELF STABLE FUNCTIONAL BEVERA,SS ENERGY & OTHER FUNCTIONAL B,Runa                          ,Packaged Grocery              ,2 99,7/14/22 0:00,9/5/22 10:23,ORGANIC BREWED GUAYUSA*,ORGANIC BREWED GUAYUSA*,,,,,,,,,,,,,,,,,,,,,,,,,,,,,,,,,,,,,,,,,,,,,,,,,,,,,,,,,,,,,,,,,,,,,,,,,,,,,,,,,,,,,,,,,,,,,,,,,,,,,,,,,,,,,,,,,,
44750,Stock Inventory     ,8.58E+11,Drink Clean Energy Berry OG   ,12 fl oz ,RUN Drink ClnEnrgy Bery 12FZ,1,SHELF STABLE FUNCTIONAL BEVERA,SS ENERGY & OTHER FUNCTIONAL B,Runa                          ,Packaged Grocery              ,2 99,7/14/22 0:00,9/7/22 16:04,ORGANIC BREWED GUAYUSA*,ORGANIC BREWED GUAYUSA*,,,,,,,,,,,,,,,,,,,,,,,,,,,,,,,,,,,,,,,,,,,,,,,,,,,,,,,,,,,,,,,,,,,,,,,,,,,,,,,,,,,,,,,,,,,,,,,,,,,,,,,,,,,,,,,,,,
44748,Stock Inventory     ,8.58E+11,Tea Guayusa Sweet Peach OG    ,14 fl oz            ,Tea Guayusa Swt Pch             ,1,SHELF STABLE TEA & COFFEE RTD ,SS TEA RTD                    ,Runa                          ,Packaged Grocery              ,3 19,1/20/21 18:53,1/23/21 17:49,"ORGANIC SUGAR CANE**, BREWED ORGANIC GUAYUSA (PURIFIED WATER AND ORGANIC QUAYUSA FLAVORS**), ORGANIC PEACH FLAVOR, NATURAL FLAVORS, CITRIC ACID, VITAMIN C (ASCORBIC ACID) ",ORGANIC SUGAR CANE**, BREWED ORGANIC GUAYUSA (PURIFIED WATER AND ORGANIC QUAYUSA FLAVORS**), ORGANIC PEACH FLAVOR, NATURAL FLAVORS, CITRIC ACID, VITAMIN C (ASCORBIC ACID) ,,,,,,,,,,,,,,,,,,,,,,,,,,,,,,,,,,,,,,,,,,,,,,,,,,,,,,,,,,,,,,,,,,,,,,,,,,,,,,,,,,,,,,,,,,,,,,,,,,,,,,,,,,,,,
44774,Stock Inventory     ,36192120455,Juice Agua Fresca Grapefruit  ,32 fl oz            ,Juice Grapefruit                ,1,SHELF STABLE JUICES           ,SS JUICE & JUICE DRINKS       ,Santa Cruz                    ,Packaged Grocery              ,3 59,7/9/20 19:26,9/9/20 17:37,"FILTERED WATER, ORGANIC GRAPEFRUIT JUICE, ORGANIC SUGAR, ORGANIC LEMON JUICE, ORGANIC FRUIT AND VEGETABLE JUICE (COLOR), ORGANIC NATURAL FLAVORS ",FILTERED WATER, ORGANIC GRAPEFRUIT JUICE, ORGANIC SUGAR, ORGANIC LEMON JUICE, ORGANIC FRUIT AND VEGETABLE JUICE (COLOR), ORGANIC NATURAL FLAVORS ,,,,,,,,,,,,,,,,,,,,,,,,,,,,,,,,,,,,,,,,,,,,,,,,,,,,,,,,,,,,,,,,,,,,,,,,,,,,,,,,,,,,,,,,,,,,,,,,,,,,,,,,,,,,,
44722,Stock Inventory     ,41224720909,Couscous Israeli Toasted Pasta,21 1 oz             ,"COUSCOUS,ISRAELI TSTD",1,SHELF STABLE ENTREES & MIXES  ,SS ENTREES & MIXES GRAIN BASED,Roland                        ,Packaged Grocery              ,8 39,3/25/19 0:00,5/12/19 13:18,WHEAT FLOUR ,WHEAT FLOUR ,,,,,,,,,,,,,,,,,,,,,,,,,,,,,,,,,,,,,,,,,,,,,,,,,,,,,,,,,,,,,,,,,,,,,,,,,,,,,,,,,,,,,,,,,,,,,,,,,,,,,,,,,,,,,,,,,,
44772,Stock Inventory     ,36192120448,Juice Agua Fresca Pomegranate ,32 fl oz            ,Juice Pomegranate               ,1,SHELF STABLE JUICES           ,SS JUICE & JUICE DRINKS       ,Santa Cruz                    ,Packaged Grocery              ,3 59,11/14/18 0:00,3/19/19 17:12,"FILTERED WATER, ORGANIC POMEGRANATE JUICE, ORGANIC SUGAR, ORGANIC POMEGRANATE JUICE CONCENTRATE, ORGANIC LEMON JUICE, ORGANIC NATURAL FLAVORS ",FILTERED WATER, ORGANIC POMEGRANATE JUICE, ORGANIC SUGAR, ORGANIC POMEGRANATE JUICE CONCENTRATE, ORGANIC LEMON JUICE, ORGANIC NATURAL FLAVORS ,,,,,,,,,,,,,,,,,,,,,,,,,,,,,,,,,,,,,,,,,,,,,,,,,,,,,,,,,,,,,,,,,,,,,,,,,,,,,,,,,,,,,,,,,,,,,,,,,,,,,,,,,,,,,
44779,Stock Inventory     ,42563603595,Canola Oil,32 fl oz ,FD Canola Oil 32FZ,0,SHELF STABLE OILS & VINEGARS  ,SS CULINARY OIL CANOLA        ,Field Day                     ,Packaged Grocery              ,6 99,1/20/25 0:00,2/11/25 16:34,100% EXPELLER (MECHANICALLY) PRESSED REFINED NON-GMO CANOLA OIL ,100% EXPELLER (MECHANICALLY) PRESSED REFINED NON-GMO CANOLA OIL ,,,,,,,,,,,,,,,,,,,,,,,,,,,,,,,,,,,,,,,,,,,,,,,,,,,,,,,,,,,,,,,,,,,,,,,,,,,,,,,,,,,,,,,,,,,,,,,,,,,,,,,,,,,,,,,,,,
44720,Stock Inventory     ,74401704089,Couscous Pearl Original       ,11 53 oz            ,Couscous Prl Orgnal             ,1,SHELF STABLE ENTREES & MIXES  ,SS ENTREES & MIXES GRAIN BASED,Rice Select                   ,Packaged Grocery              ,4 49,8/16/17 23:36,3/30/18 19:42,TOASTED PEARL COUSCOUS (WHEAT FLOUR) ,TOASTED PEARL COUSCOUS (WHEAT FLOUR) ,,,,,,,,,,,,,,,,,,,,,,,,,,,,,,,,,,,,,,,,,,,,,,,,,,,,,,,,,,,,,,,,,,,,,,,,,,,,,,,,,,,,,,,,,,,,,,,,,,,,,,,,,,,,,,,,,,
44575,Stock Inventory     ,9.34E+12,Chia Black                    ,5 3 oz              ,Chia Black                      ,1,SHELF STABLE NUTS & TRAIL MIX ,SS SEEDS                      ,The Chia Company              ,Packaged Grocery              ,5 99,2/25/19 0:00,5/7/19 19:33,100% CHIA SEED (SALVIA HISPANICA) ,100% CHIA SEED (SALVIA HISPANICA) ,,,,,,,,,,,,,,,,,,,,,,,,,,,,,,,,,,,,,,,,,,,,,,,,,,,,,,,,,,,,,,,,,,,,,,,,,,,,,,,,,,,,,,,,,,,,,,,,,,,,,,,,,,,,,,,,,,
44527,Stock Inventory     ,89836195593,Seasoning Ancho Chili Pwder OG,2 85 oz ,SO Ancho Chili Powder 2 85OZ,1,SHELF STABLE SEASONINGS       ,SS SPICES & SEASONINGS        ,Simply Organic                ,Packaged Grocery              ,8 59,10/21/20 18:05,8/28/21 9:32,ORGANIC ANCHO CHILI PEPPER ,ORGANIC ANCHO CHILI PEPPER ,,,,,,,,,,,,,,,,,,,,,,,,,,,,,,,,,,,,,,,,,,,,,,,,,,,,,,,,,,,,,,,,,,,,,,,,,,,,,,,,,,,,,,,,,,,,,,,,,,,,,,,,,,,,,,,,,,
44592,Stock Inventory     ,8.57E+11,Cashews Cajun Dry Roasted OG  ,8 oz                ,Cashews Cajun Dry Roasted OG    ,1,SHELF STABLE NUTS & TRAIL MIX ,SS NUTS                       ,Tierra Farm                   ,Packaged Grocery              ,8 89,1/24/18 0:00,8/9/18 17:24,,,,,,,,,,,,,,,,,,,,,,,,,,,,,,,,,,,,,,,,,,,,,,,,,,,,,,,,,,,,,,,,,,,,,,,,,,,,,,,,,,,,,,,,,,,,,,,,,,,,,,,,,,,,,,,,,,,,
44526,Stock Inventory     ,89836195630,Seasoning Southwest OG        ,3 98 oz             ,Seasoning Sthwst OG             ,1,SHELF STABLE SEASONINGS       ,SS SPICES & SEASONINGS        ,Simply Organic                ,Packaged Grocery              ,9 19,9/19/19 17:39,7/13/20 18:51,"ORGANIC SMOKED PAPRIKA, ORGANIC GARLIC, SEA SALT, ORGANIC CUMIN, ORGANIC BLACK PEPPER, ORGANIC CHIPOTLE PEPPER, ORGANIC ONION, ORGANIC LEMON PEEL, ORGANIC RICE CONCENTRATE, ORGANIC CAYENNE ",ORGANIC SMOKED PAPRIKA, ORGANIC GARLIC, SEA SALT, ORGANIC CUMIN, ORGANIC BLACK PEPPER, ORGANIC CHIPOTLE PEPPER, ORGANIC ONION, ORGANIC LEMON PEEL, ORGANIC RICE CONCENTRATE, ORGANIC CAYENNE ,,,,,,,,,,,,,,,,,,,,,,,,,,,,,,,,,,,,,,,,,,,,,,,,,,,,,,,,,,,,,,,,,,,,,,,,,,,,,,,,,,,,,,,,,,,,,,,,,,,,,,,,,
44573,Stock Inventory     ,31493072007,Sandwich Wrap Multigrn 9in OG ,13 1 oz             ,Sndwch Wrp Mltgrn               ,1,BREAD & BAKED GOODS           ,TORTILLAS & FLAT BREADS       ,Rudi's                        ,Packaged Grocery              ,5 99,11/28/17 19:44,7/8/18 18:32,ORGANIC WHOLE WHEAT FLOUR,ORGANIC WHOLE WHEAT FLOUR,,,,,,,,,,,,,,,,,,,,,,,,,,,,,,,,,,,,,,,,,,,,,,,,,,,,,,,,,,,,,,,,,,,,,,,,,,,,,,,,,,,,,,,,,,,,,,,,,,,,,,,,,,,,,,,,,,
44547,Stock Inventory     ,12993102029,Seltzer Coconut 12pk,12 / 12 fl oz ,LAC Seltzer Ccnut 12PK,0,SHELF STABLE WATER            ,SS WATER SPARKLING FLAVORED   ,LaCroix                       ,Packaged Grocery              ,7 59,1/23/25 0:00,1/24/25 12:18,"ONLY CARBONATED WATER, NATURALLY ESSENCED* ",ONLY CARBONATED WATER, NATURALLY ESSENCED* ,,,,,,,,,,,,,,,,,,,,,,,,,,,,,,,,,,,,,,,,,,,,,,,,,,,,,,,,,,,,,,,,,,,,,,,,,,,,,,,,,,,,,,,,,,,,,,,,,,,,,,,,,,,,,,,,,
44546,Stock Inventory     ,12993221010,Sparkling Water Coconut 8pk   ,8 / 12 fl oz        ,"SPRKLNG WTR,CAN,COCONUT",1,SHELF STABLE WATER            ,SS WATER SPARKLING FLAVORED   ,LaCroix                       ,Packaged Grocery              ,4 89,10/5/18 0:00,2/20/19 20:00,"CARBONATED WATER, NATURAL FLAVOR ",CARBONATED WATER, NATURAL FLAVOR ,,,,,,,,,,,,,,,,,,,,,,,,,,,,,,,,,,,,,,,,,,,,,,,,,,,,,,,,,,,,,,,,,,,,,,,,,,,,,,,,,,,,,,,,,,,,,,,,,,,,,,,,,,,,,,,,,
44545,Stock Inventory     ,73360323416,Seltzer Cranberry Raspberry 12pk,12 / 12 fl oz ,LAC Sltzr Crn Rspb 12PK,1,SHELF STABLE WATER            ,SS WATER SPARKLING FLAVORED   ,LaCroix                       ,Packaged Grocery              ,6 89,8/27/21 0:00,9/25/21 15:08,"ONLY CARBONATED WATER, NATURALLY ESSENCED* ",ONLY CARBONATED WATER, NATURALLY ESSENCED* ,,,,,,,,,,,,,,,,,,,,,,,,,,,,,,,,,,,,,,,,,,,,,,,,,,,,,,,,,,,,,,,,,,,,,,,,,,,,,,,,,,,,,,,,,,,,,,,,,,,,,,,,,,,,,,,,,
44544,Stock Inventory     ,12993221324,Sparkling Water Cranb Rasp 8pk,8 / 12 fl oz ,"SPRKLNG WTR,CAN,RZZ CRNB",1,SHELF STABLE WATER            ,SS WATER SPARKLING FLAVORED   ,LaCroix                       ,Packaged Grocery              ,4 69,5/10/18 0:00,6/25/18 9:45,"ONLY CARBONATED WATER, NATURALLY ESSENCED* ",ONLY CARBONATED WATER, NATURALLY ESSENCED* ,,,,,,,,,,,,,,,,,,,,,,,,,,,,,,,,,,,,,,,,,,,,,,,,,,,,,,,,,,,,,,,,,,,,,,,,,,,,,,,,,,,,,,,,,,,,,,,,,,,,,,,,,,,,,,,,,
44551,Stock Inventory     ,12993112028,Seltzer Peach Pear 12pk,12 / 12 fl oz ,LAC Seltzer Pch Pr 12PK,1,SHELF STABLE WATER            ,SS WATER SPARKLING FLAVORED   ,LaCroix                       ,Packaged Grocery              ,6 99,7/30/21 0:00,8/31/21 18:45,"ONLY CARBONATED WATER, NATURALLY ESSENCED* ",ONLY CARBONATED WATER, NATURALLY ESSENCED* ,,,,,,,,,,,,,,,,,,,,,,,,,,,,,,,,,,,,,,,,,,,,,,,,,,,,,,,,,,,,,,,,,,,,,,,,,,,,,,,,,,,,,,,,,,,,,,,,,,,,,,,,,,,,,,,,,
44550,Stock Inventory     ,73360373411,Seltzer Lemon 12pk,12 / 12 fl oz ,LAC Seltzer Lemon 12PK,1,SHELF STABLE WATER            ,SS WATER SPARKLING FLAVORED   ,LaCroix                       ,Packaged Grocery              ,7 59,1/19/23 0:00,5/27/23 16:41,"ONLY CARBONATED WATER, NATURALLY ESSENCED* ",ONLY CARBONATED WATER, NATURALLY ESSENCED* ,,,,,,,,,,,,,,,,,,,,,,,,,,,,,,,,,,,,,,,,,,,,,,,,,,,,,,,,,,,,,,,,,,,,,,,,,,,,,,,,,,,,,,,,,,,,,,,,,,,,,,,,,,,,,,,,,
44549,Stock Inventory     ,73360233418,Seltzer Lime 12pk,12 / 12 fl oz ,LAC Seltzer Lime 12PK,0,SHELF STABLE WATER            ,SS WATER SPARKLING FLAVORED   ,LaCroix                       ,Packaged Grocery              ,7 59,1/30/25 0:00,2/4/25 13:23,"ONLY CARBONATED WATER, NATURALLY ESSENCED* ",ONLY CARBONATED WATER, NATURALLY ESSENCED* ,,,,,,,,,,,,,,,,,,,,,,,,,,,,,,,,,,,,,,,,,,,,,,,,,,,,,,,,,,,,,,,,,,,,,,,,,,,,,,,,,,,,,,,,,,,,,,,,,,,,,,,,,,,,,,,,,
44548,Stock Inventory     ,12993221256,Seltzer Lime 8pk,8 / 12 fl oz ,LAC Seltzer Lime 8PK,1,SHELF STABLE WATER            ,SS WATER SPARKLING FLAVORED   ,LaCroix                       ,Packaged Grocery              ,4 89,1/6/22 0:00,2/16/22 18:31,"CARBONATED WATER, NATURAL FLAVOR ",CARBONATED WATER, NATURAL FLAVOR ,,,,,,,,,,,,,,,,,,,,,,,,,,,,,,,,,,,,,,,,,,,,,,,,,,,,,,,,,,,,,,,,,,,,,,,,,,,,,,,,,,,,,,,,,,,,,,,,,,,,,,,,,,,,,,,,,
44555,Stock Inventory     ,73360772054,Sparkling Water KiwiSandia 8pk,8 / 12 fl oz        ,SpkgWtr KwSnd 8pk               ,1,SHELF STABLE WATER            ,SS WATER SPARKLING FLAVORED   ,LaCroix                       ,Packaged Grocery              ,5 89,11/12/18 0:00,3/8/19 18:24,"ONLY CARBONATED WATER, NATURALLY ESSENCED* ",ONLY CARBONATED WATER, NATURALLY ESSENCED* ,,,,,,,,,,,,,,,,,,,,,,,,,,,,,,,,,,,,,,,,,,,,,,,,,,,,,,,,,,,,,,,,,,,,,,,,,,,,,,,,,,,,,,,,,,,,,,,,,,,,,,,,,,,,,,,,,
44554,Stock Inventory     ,12993102012,Seltzer Grapefruit 12pk,12 / 12 fl oz ,LAC SpkgWtr Grpfrt 12PK,0,SHELF STABLE WATER            ,SS WATER SPARKLING FLAVORED   ,LaCroix                       ,Packaged Grocery              ,7 59,2/2/25 0:00,2/2/25 13:16,"ONLY CARBONATED WATER, NATURALLY ESSENCED* ",ONLY CARBONATED WATER, NATURALLY ESSENCED* ,,,,,,,,,,,,,,,,,,,,,,,,,,,,,,,,,,,,,,,,,,,,,,,,,,,,,,,,,,,,,,,,,,,,,,,,,,,,,,,,,,,,,,,,,,,,,,,,,,,,,,,,,,,,,,,,,
44630,Stock Inventory     ,24335060744,Chips Corn Sea Salt           ,9 oz                ,Chips Corn Sea Salt             ,1,SHELF STABLE CHIPS PRETZELS SN,SS TORTILLA & CORN CHIPS      ,Bearito                       ,Packaged Grocery              ,4 39,8/5/19 0:00,9/18/19 10:46,"YELLOW AND WHITE CORN, EXPELLER PRESSED CANOLA AND/OR SAFFLOWER AND/OR SUNFLOWER OIL, SEA SALT ",YELLOW AND WHITE CORN, EXPELLER PRESSED CANOLA AND/OR SAFFLOWER AND/OR SUNFLOWER OIL, SEA SALT ,,,,,,,,,,,,,,,,,,,,,,,,,,,,,,,,,,,,,,,,,,,,,,,,,,,,,,,,,,,,,,,,,,,,,,,,,,,,,,,,,,,,,,,,,,,,,,,,,,,,,,,,,,,,,,,,